[{"model": "admin.logentry", "pk": 1, "fields": {"action_time": "2022-06-23T12:08:59.977Z", "user": 1, "content_type": 8, "object_id": "1", "object_repr": "mrdanrichards@gmail.com", "action_flag": 2, "change_message": "[{\"changed\": {\"fields\": [\"Verified\", \"Primary\"]}}]"}}, {"model": "admin.logentry", "pk": 2, "fields": {"action_time": "2022-06-23T12:41:16.628Z", "user": 1, "content_type": 22, "object_id": "8", "object_repr": "rescue", "action_flag": 2, "change_message": "[{\"changed\": {\"fields\": [\"Level\"]}}]"}}, {"model": "admin.logentry", "pk": 3, "fields": {"action_time": "2022-06-23T12:41:28.795Z", "user": 1, "content_type": 22, "object_id": "7", "object_repr": "advanced", "action_flag": 2, "change_message": "[{\"changed\": {\"fields\": [\"Level\"]}}]"}}, {"model": "admin.logentry", "pk": 4, "fields": {"action_time": "2022-06-23T17:09:09.118Z", "user": 1, "content_type": 7, "object_id": "1", "object_repr": "example.com", "action_flag": 2, "change_message": "[{\"changed\": {\"fields\": [\"Display name\"]}}]"}}, {"model": "admin.logentry", "pk": 5, "fields": {"action_time": "2022-06-23T19:41:53.688Z", "user": 1, "content_type": 13, "object_id": "10", "object_repr": "fourth-element", "action_flag": 2, "change_message": "[{\"changed\": {\"fields\": [\"Name\"]}}]"}}, {"model": "admin.logentry", "pk": 6, "fields": {"action_time": "2022-06-23T19:42:16.837Z", "user": 1, "content_type": 13, "object_id": "10", "object_repr": "Fourth-element", "action_flag": 2, "change_message": "[{\"changed\": {\"fields\": [\"Name\"]}}]"}}, {"model": "admin.logentry", "pk": 7, "fields": {"action_time": "2022-06-23T19:42:24.743Z", "user": 1, "content_type": 13, "object_id": "2", "object_repr": "Scubapro", "action_flag": 2, "change_message": "[{\"changed\": {\"fields\": [\"Name\"]}}]"}}, {"model": "auth.user", "pk": 1, "fields": {"password": "pbkdf2_sha256$320000$mM7h25ilaCtiKe2VObJTFT$RL/El4BG3Q1KwQgL36q1kcp9WHA011e4E26l1TW+1Ao=", "last_login": "2022-06-23T19:41:29.549Z", "is_superuser": true, "username": "admin", "first_name": "", "last_name": "", "email": "mrdanrichards@gmail.com", "is_staff": true, "is_active": true, "date_joined": "2022-06-23T12:01:23.879Z", "groups": [], "user_permissions": []}}, {"model": "auth.user", "pk": 2, "fields": {"password": "pbkdf2_sha256$320000$aFgvEIBrNKqwe9Lcpn9mCQ$PDwpeMcnpSKSPQba8P9X4LBMxvk918SyIHO7FCf7rE8=", "last_login": null, "is_superuser": false, "username": "user1", "first_name": "", "last_name": "", "email": "user+1@featherstar.co.uk", "is_staff": false, "is_active": true, "date_joined": "2022-06-23T17:06:34.416Z", "groups": [], "user_permissions": []}}, {"model": "auth.user", "pk": 3, "fields": {"password": "pbkdf2_sha256$320000$ohXI8qdZLYHnDEL3h7yEXI$f/tfMkq9L7GeZkxleyMDnII/jte1MgPZwobvd4bohlI=", "last_login": "2022-06-23T17:53:15.770Z", "is_superuser": false, "username": "user3", "first_name": "", "last_name": "", "email": "user+3@featherstar.co.uk", "is_staff": false, "is_active": true, "date_joined": "2022-06-23T17:12:36.778Z", "groups": [], "user_permissions": []}}, {"model": "auth.user", "pk": 4, "fields": {"password": "pbkdf2_sha256$320000$56tvFYU9UrHlyXtG8L5i7y$I1t650l6667uI2771m2U7T9nKvxy5prBRkLmmPml9+0=", "last_login": null, "is_superuser": false, "username": "user4", "first_name": "", "last_name": "", "email": "user+4@featherstar.co.uk", "is_staff": false, "is_active": true, "date_joined": "2022-06-23T17:54:21.970Z", "groups": [], "user_permissions": []}}, {"model": "auth.user", "pk": 5, "fields": {"password": "pbkdf2_sha256$320000$oPaO0qxldvf18NZZiLvsxK$u84SQW5pUU2EfpMOFNt0OABV97wjccmhFnaW5lsff60=", "last_login": null, "is_superuser": false, "username": "user5", "first_name": "", "last_name": "", "email": "user+5@featherstar.co.uk", "is_staff": false, "is_active": true, "date_joined": "2022-06-23T18:00:03.748Z", "groups": [], "user_permissions": []}}, {"model": "auth.user", "pk": 6, "fields": {"password": "pbkdf2_sha256$320000$em5jLZpyeWIaxKX46PqsPA$9Zlm2TXhh8eUjPzBEWMAsHGyJoC3gPryex1Y1M1p1bc=", "last_login": null, "is_superuser": false, "username": "user6", "first_name": "", "last_name": "", "email": "user+6@featherstar.co.uk", "is_staff": false, "is_active": true, "date_joined": "2022-06-23T18:42:20.832Z", "groups": [], "user_permissions": []}}, {"model": "sessions.session", "pk": "0r5duhijmmbvifqryrhwl24pnuzm2x97", "fields": {"session_data": ".eJxVjMsKgzAQRf9l1iIZ85iYZff9BkliommLFqPQIv57G3DR7i73HM4Ond3WsdtyWLrUgwGE6vdz1t_DVEB_s9Mw136e1iW5uij1SXN9nfvwuJzuX2C0eSzZxlKrNJLyAYPoNfrGMUdcahZbq1nwilMbtSehnfuOVnPkPLpIkmlVojnknOapC69nWt5gWAXODmB24AwbIcGICpCkYgQGj-MDG75FNg:1o489j:d_MuGkIWWmpZcZOCMHozBVj6LW4CzWJq232S4ze-Ukk", "expire_date": "2022-07-06T21:44:59.679Z"}}, {"model": "sessions.session", "pk": "14k5m42b6jbfu56n86ok4zdmv4qiizyu", "fields": {"session_data": "eyJiYWciOnsiODg4NzQyIjoxfX0:1nv1Qz:ysEtxxW-tb4OTsmCjCdrv7DROrM8oqIA66G7RUUrOME", "expire_date": "2022-06-11T18:45:09.187Z"}}, {"model": "sessions.session", "pk": "1advdj2hew8f3az07yjbn471dk5ubj61", "fields": {"session_data": "eyJiYWciOnsiMzMxOTk1IjoxLCI5NzkxMTQiOjR9fQ:1nxDME:ITzfWREXpZdcwYh60XCpwgBkqZ-At98RwY5Bq2JDtlo", "expire_date": "2022-06-17T19:53:18.348Z"}}, {"model": "sessions.session", "pk": "1bv2xheoelpekmwzv449byzeruzvtido", "fields": {"session_data": "eyJiYWciOnsiMzQ0NjU1IjoxfX0:1nvOXZ:1k1cYG3vLK_hSgKJeGEExmBm-eTSutnPfmIrRWC13Bg", "expire_date": "2022-06-12T19:25:29.098Z"}}, {"model": "sessions.session", "pk": "3wzairc341vf0vkufk19bj3sxgjnf9oe", "fields": {"session_data": ".eJxVjEEOwiAQRe_C2hAoLTO4dO8ZCDOAVA1NSrsy3l1JutDdz38v7yV82Lfi95ZWP0dxFlqcfj8K_Ei1g3gP9bZIXuq2ziS7Ig_a5HWJ6Xk53L9ACa307BDAWdRgOek0RtQ8kCIwE6rsAqrE1oDLyDAi0Xc4NNqYTBkmhVa8P8tZNzc:1nvPQu:428Qbe2RjrYURbEsadi-lAtH1thpAXu68zKdR1CBNwo", "expire_date": "2022-06-12T20:22:40.222Z"}}, {"model": "sessions.session", "pk": "480km6567327iatdlpxyevetkef6sydq", "fields": {"session_data": ".eJxVjMsOwiAQRf-FtSFSGGBcuvcbyAwPqRqalHZl_HfbpAvd3nPOfYtA61LD2vMcxiQuQonT78YUn7ntID2o3ScZp7bMI8tdkQft8jal_Loe7t9BpV632gCyj4N15M_OoneKkdA57SNoRC7ggVWKWfnk7EAM2WApG1dGW9Di8wW-Zjbo:1o4M9J:17OhX_5ClW_-JGoNmQM_vfZz2tVXK-0GIdVuY5purCc", "expire_date": "2022-07-07T12:41:29.342Z"}}, {"model": "sessions.session", "pk": "4egcdd9vjr78kt0l0rka569zjk7va5c1", "fields": {"session_data": ".eJxVjEEOwiAQRe_C2hAoLQxduvcMZAYGWzWQlNaN8e7apJvufv57eR_R8M1hLrmKMeOr8UUE3NYpbI2XMCcxCi1OH2F8ctlBemC5VxlrWZeZ5K7IgzZ5q4lf18M9BSZs057t0HkL2tnImvsEOnakyJkBVPYIiqM1zmeIrgei__BgtDGZshsUWPH9AVfjPaY:1nzLoR:7-X8B9MhmA_d-jDFwPgI9nmbzbdzYw3co9NS-wPyrr4", "expire_date": "2022-06-23T17:19:15.991Z"}}, {"model": "sessions.session", "pk": "677wh94jwinodv4yqe25dwpa5lpezvi9", "fields": {"session_data": ".eJxVjMsKgzAQRf9l1iKT5jVm2X2_ISQx0bRFi1FoEf-9Cm7cHe49nBW868CsoJAjajCiAo1SkADDK-BCKCl33Cqwbpl7u5Q42dyCAQaXzbvwisNxtE83dGMdxmGesq8PpT7fUj_GNr7vp3sJ9K70R_bmdKOIaRUii6IlFm4eveaSMDWOMAbFdZMoaEHe79AQZ5wnn7REUke0xFLyONj4_eTpBwa3P9DgR1M:1nvkVs:_OvFrCrtwKK0D_V7HS_HydO5cM091yRdrEGFrPiVr5A", "expire_date": "2022-06-13T18:53:12.607Z"}}, {"model": "sessions.session", "pk": "7ctv2n77mhycw8w59jk5x831lxgf85v8", "fields": {"session_data": "eyJiYWciOnsiMzQ0NjU1IjoxfX0:1nvORK:wEEGD1EHFzT9jsX7LSlDO9vWTYamwV_BbTPV_rC7g0I", "expire_date": "2022-06-12T19:19:02.201Z"}}, {"model": "sessions.session", "pk": "8hxosblk1ezutykqwh8bpxdojkgctctk", "fields": {"session_data": "e30:1o022V:DgG9Twc_SX0qGWm1f9TZTE0LFtcvES5wePbu49TFlTU", "expire_date": "2022-06-25T14:24:35.907Z"}}, {"model": "sessions.session", "pk": "8lklcnsti718uxjzysq155poxq73drn5", "fields": {"session_data": ".eJxVjjsOgzAQRO-yNbK8GOy1y_Q5A_L6AyQRSBgqxN0DEkXSjWaenmaHzm_r0G0lLd0YwQFC9duxD-80XUN8-amfRZindRlZXIi41yKec0yfx83-CQZfhktbe2M1odEhYWoiYahZslEtyWw9yRS0MjZTMA0xn8GSQqUyZ9NK0qeUfQ9uPw-6tgIkcIgV1ODUcXwBK149aw:1nuyYr:izElcyvJbcLVZbiIriNA7arOxsHKALmluQq145uRc60", "expire_date": "2022-06-11T15:41:05.112Z"}}, {"model": "sessions.session", "pk": "98m01exrdnb2wr9s6w0zhuqdb0n01aif", "fields": {"session_data": ".eJxVjMsOgjAQRf-la9NQSh_D0r3f0HTaQaqmJRQSjfHfhYSFbu8597yZ8-syurXS7FJkPRPs9LuhD3fKO4g3n6-Fh5KXOSHfFX7Qyi8l0uN8uH-B0ddxe3cK0IZWG28bo8EageDBGGmDkgA4KKtQxEDCRqNbj4o6GIaNi05qJfdopVpTyY6eU5pfrG8-X1LcPiU:1o4Mbo:w5392l4tn_zrQlaUMw0cWBXn1j31xxksVayVhk9Emj8", "expire_date": "2022-07-07T13:10:56.560Z"}}, {"model": "sessions.session", "pk": "99p0q13othdm40f7oytaiq54512k3aza", "fields": {"session_data": "eyJiYWciOnsiNDQzNDMxIjoxLCIzNTI5NTMiOjF9fQ:1nv3D1:X52HhT6_rnSw9CJdNDKPutIMSk87WkeHRPLhoO5BpFg", "expire_date": "2022-06-11T20:38:51.309Z"}}, {"model": "sessions.session", "pk": "9go4wpxd95hcdmmevd2z1h3qkhuju8m4", "fields": {"session_data": "e30:1o4KTg:kzK3NENd76GGG9UqmjLKeYZLKvugE96cN-1cQzlSFU0", "expire_date": "2022-07-07T10:54:24.454Z"}}, {"model": "sessions.session", "pk": "9s0m1ygx6lli0d42selpg5xp0cidwo4n", "fields": {"session_data": ".eJxVjMsOwiAUBf-FdUOklJdL934DucDFoghJW9wY_93WNCbdzsw5bwLe11YW-8IpxYTB4hNSJufScu7-ts04kTPhpCMW2jL-gE1hZezIHPgHlk2EO5Rbpb6WZUqObgnd7UyvNWC-7O3hYIR5XNeDME77XirQJyWNVswZMEpx7QU3xkWhhWPBI9NByR6cwMHEuHo2cCk4-XwBUphIeg:1o4Sie:pzYK-Odigi7CdRS2YrvA3D52hfvpOuQ5LeSN_h8zMtE", "expire_date": "2022-07-07T19:42:24.853Z"}}, {"model": "sessions.session", "pk": "9s23csso1tiikj3h0zasnip9rg7nvzns", "fields": {"session_data": "eyJiYWciOnsiMzQ0NjU1IjoxfX0:1nvOPV:FpUQDZzwNkltItny9HO8b6ha4gM_D4Ml8FTWGgNW1dI", "expire_date": "2022-06-12T19:17:09.007Z"}}, {"model": "sessions.session", "pk": "cjspbp5k8xv6aofe2ta4dwerexoou3d9", "fields": {"session_data": "eyJiYWciOnsiNDQzNDMxIjoxfX0:1nvOG6:l2wzLTyeTtEI6ElabfM-Y84O2aSYzQk_Ns9hknk6Gg4", "expire_date": "2022-06-12T19:07:26.894Z"}}, {"model": "sessions.session", "pk": "dal4tv2uxk6ese3whnfm1zh94tz7hcla", "fields": {"session_data": "eyJiYWciOnsiMzQ0NjU1IjoxfX0:1nvOQ4:sov4DcNhcROzebNNGoqAUh7y4Xt_FsmNtn7I95ys3t4", "expire_date": "2022-06-12T19:17:44.800Z"}}, {"model": "sessions.session", "pk": "dsjjbiwlnuipttfiv7zgauh4biy85btf", "fields": {"session_data": "eyJzYXZlX2luZm8iOmZhbHNlfQ:1o4Ui2:n5fNA_l9aJIGa_ODODWETvoMVz6mVYQW3MfmzyrV3N0", "expire_date": "2022-07-07T21:49:54.216Z"}}, {"model": "sessions.session", "pk": "enhlxld56pa65ajnpow6rtpuam5n45pu", "fields": {"session_data": ".eJxVjMsOwiAQRf-FtSFSGGBcuvcbyAwPqRqalHZl_HfbpAvd3nPOfYtA61LD2vMcxiQuQonT78YUn7ntID2o3ScZp7bMI8tdkQft8jal_Loe7t9BpV632gCyj4N15M_OoneKkdA57SNoRC7ggVWKWfnk7EAM2WApG1dGW9Di8wW-Zjbo:1o4LeM:0eOioJ7S5RwKJ1Mobbq1JI0lJgm-gauL6A_-QUv9DjI", "expire_date": "2022-07-07T12:09:30.104Z"}}, {"model": "sessions.session", "pk": "h9b1szqghi66ie6m2bkyn1vbmlce1uce", "fields": {"session_data": "eyJiYWciOnsiMzQ0NjU1IjoxfX0:1nvOVy:7s9VLBEK6_flCyvCdTkMhOKRZhT8gij7JEutPrruCpA", "expire_date": "2022-06-12T19:23:50.899Z"}}, {"model": "sessions.session", "pk": "hx98tmmfshdn0u58qwswawgvw5z21po1", "fields": {"session_data": "eyJiYWciOnsiMzQ0NjU1IjoxfX0:1nvOWo:hKT-TeVvItBmBV-k_66U6Oclib1srJkyrYKW669tz0E", "expire_date": "2022-06-12T19:24:42.227Z"}}, {"model": "sessions.session", "pk": "j2d7dzqx53fv03s1vpg8l35kxftow8mt", "fields": {"session_data": "e30:1o4KUQ:0o3F6aRtMVm-GdInI6n4IYts8M01a4HSGHpQ1MZgKbw", "expire_date": "2022-07-07T10:55:10.279Z"}}, {"model": "sessions.session", "pk": "jajyloqjgtvoepbnpwhz8xeahscet3mz", "fields": {"session_data": ".eJxVjMsOwiAUBf-FtSHQlsft0r3fQHhcLGrAQGs0xn-3Tbrp9syc-ZJmX2hSjoWMc13wRIxd5sksDatJgYyEk8PmrL9j3kC42Xwt1Jc81-ToptCdNnopAR_n3T0EJtum9T0IcNp3UlnNlAStuAMLSvXaix7ARaGF48Ej10HJzjqBA8S4cj70UvRbtGFrqWSD72eqHzLyjoFk7PcHvg9Few:1o4MXp:9CkyerIDeeuq67hAdiXG9-x3a_R8Yk3C8j-Iizg4K_E", "expire_date": "2022-07-07T13:06:49.725Z"}}, {"model": "sessions.session", "pk": "ma2gnac775efn0nufkxcu075mdpq6jjb", "fields": {"session_data": "eyJiYWciOnsiMzQ0NjU1IjozfX0:1nvO8I:xLkVRvWxCL7EedhZV5r93ng2zVEUK50LPaNa-YG1QD0", "expire_date": "2022-06-12T18:59:22.464Z"}}, {"model": "sessions.session", "pk": "n3b585eobah2a4koeewaow0qilws9cv9", "fields": {"session_data": ".eJxVjMsOwiAQRf-FdUOGR0vp0r3fQIYytagBA63RGP9dm3Sh23vOPS_mcF1mt1YqLgY2MMWa383jeKG0gXDGdMp8zGkp0fNN4Tut_JgDXQ-7-xeYsc7fN4jW2L5Db4QGiagB0QqvUPUwahAm2EkSStAdBNWqFiwKLbtekUUjcItWqjXm5Ohxi-XJBmhYxTu5mKbMhqWs9P4Aji1D7A:1o0Nhv:Gz2a4YqG-dXjtpEgf64USMZkDd-C5peQ1b2h3WAGiL8", "expire_date": "2022-06-26T13:32:47.822Z"}}, {"model": "sessions.session", "pk": "n6ocrz8o3zqm2te7srwto48w6ubyv983", "fields": {"session_data": ".eJxVjMsOwiAUBf-FdUOgtDy6dO83kAtcLGrAlNZojP-uJF3o7uTMZF7EwrbOdqu42BTIRDjpfj8H_oK5gXCGfCrUl7wuydGm0J1WeiwBr4fd_QvMUOeW7UEZqbmSHjkOQXPfO-aUGDWLBjRDL4UyUXs1aOe-w2jBhYguqpFp2aIVa00lW3zc0vIkE-tIhTvalGMhU4RrxfcHAo1E4w:1nzM4d:GxAoh1BYktGwyDLkzrkM3LgbsyuUE2iceUOlwb7fmRU", "expire_date": "2022-06-23T17:35:59.148Z"}}, {"model": "sessions.session", "pk": "nezf13247wk719yk0q9mza2fyi37vdii", "fields": {"session_data": "eyJiYWciOnsiMzQ0NjU1IjoxfX0:1nvOYY:9G9AFxiptFB8ZZ6j6eDLtSKEF7GyPLdFlpb3Ts-wqYk", "expire_date": "2022-06-12T19:26:30.646Z"}}, {"model": "sessions.session", "pk": "ortq1aa356wrw0yhz9lovmhbycio1xwm", "fields": {"session_data": "eyJiYWciOnsiMzQ0NjU1IjoxfX0:1nvOa3:Eqyca-6ISY1i0WJeBf9JnKYT8qt5QybQ9mjQ8wxzW5Q", "expire_date": "2022-06-12T19:28:03.135Z"}}, {"model": "sessions.session", "pk": "p6pvvjfc19mxv7ncrsg8ktdnbeymxyag", "fields": {"session_data": "eyJiYWciOnsiMzQ0NjU1IjoxfX0:1nvOU2:L8k5MhafgQjy0UjjDGlKB_rEvfiVD_MUekpQRC_yMo0", "expire_date": "2022-06-12T19:21:50.081Z"}}, {"model": "sessions.session", "pk": "q7lp6l6ic6u2ecrvb3lt43tod4nr235w", "fields": {"session_data": ".eJxVjDEOwjAMRe-SGUVyYjcpIztnqOw4IQXUSk07Ie4OlTrA-t97_2UG3tY6bC0vw6jmbMCcfjfh9MjTDvTO0222aZ7WZRS7K_agzV5nzc_L4f4dVG71W6OnhEQpUggKAQuWIJG7wixAAuodKPUAXl3CrocigdCJi4rKqTPvD9FRN50:1o4KEQ:GPGHkYzyZFfd4lYeg4-ni6yVswzmi7NSE30Y4AtKYGY", "expire_date": "2022-07-07T10:38:38.659Z"}}, {"model": "sessions.session", "pk": "qszdvjf1qgehg5g4j4a1m82iqs6xusbn", "fields": {"session_data": "eyJiYWciOnsiMzQ0NjU1IjoxfX0:1nvOfA:Mb2EKbLHtfn8IwDbofcr6LFQrTc7PoIYXVoANXBfOGM", "expire_date": "2022-06-12T19:33:20.921Z"}}, {"model": "sessions.session", "pk": "r3ha1u2nskez8ra6k03ayppx04pnuojz", "fields": {"session_data": "eyJhY2NvdW50X3ZlcmlmaWVkX2VtYWlsIjpudWxsLCJhY2NvdW50X3VzZXIiOiI2In0:1o4Rmw:XCm2dyi5HXETlaeo1Rp-rVFuPBIVsud6J_kFmOujcmg", "expire_date": "2022-07-07T18:42:46.841Z"}}, {"model": "sessions.session", "pk": "sm8tt3iuy7e6juyo8m5yt5p7drgiq9w3", "fields": {"session_data": "eyJiYWciOnsiMzQ0NjU1IjoxfX0:1nvOfh:wnmSaDVYZKaO4mvv7NUq0DKBtATZkKjJsYkPYp7RJx4", "expire_date": "2022-06-12T19:33:53.867Z"}}, {"model": "sessions.session", "pk": "tpx5sshr1q7j806xiopj5bw89645crrw", "fields": {"session_data": "eyJiYWciOnsiNjAzMDA3IjoxfX0:1nvOCE:_mVF95SDBA_Psjj45OOe-awijWu61oLMHam-Afyzg_k", "expire_date": "2022-06-12T19:03:26.762Z"}}, {"model": "sessions.session", "pk": "u1hlhfwma5igpz073t3cowf9dm1lgizg", "fields": {"session_data": "eyJiYWciOnsiMTU2MjA1IjoxfX0:1nzgTc:ZJDoA-4PXSHNxLNnyG2hNcTbEzxTI3vsGyrEoZf8rQU", "expire_date": "2022-06-24T15:23:08.478Z"}}, {"model": "sessions.session", "pk": "u2gbs2xj54layxmcfx0ouyiqbd7tshek", "fields": {"session_data": ".eJxVjDsOgzAQBe-ytYVsdm0vLtPnDMhrzCeJQOJTIe4ekGjont6MZgeJHYQdmNlTCcEoIEJCA4EVOI1aewikAImctadwKKjjtvb1tuS5HhoIYODxSUzfPF6g-cSxm4o0jes8SHEpxU2X4j01-fe63Uegj0t_ZcvoK8fGu5RNpoZNKkWLR8u6rSLrnBz6quXkiUXOUTEaxFZabzU7OP5cCEIw:1nv2ZN:AVhZ0-Zs2j5AVwnQBbwXAcI-fox8QwU5BBq0jLf9ZLU", "expire_date": "2022-06-11T19:57:53.493Z"}}, {"model": "sessions.session", "pk": "w0q1dk10pcfy5ibmwa68cz8ufwueqz5o", "fields": {"session_data": "eyJiYWciOnsiNjAzMDA3IjoxfX0:1nvbTr:J1yWj8XIPhWmyitiIRiJnUCRs3wJ5AWwzAzMoGgoHV4", "expire_date": "2022-06-13T09:14:31.316Z"}}, {"model": "sessions.session", "pk": "wgep5bs46q9u666vn4jaqlcgmgbit27l", "fields": {"session_data": "eyJiYWciOnsiMzQ0NjU1IjoxfX0:1nvOhW:M17aw8PopiOx2gJFHK7V956QhWVUmfmK-LpRTL7p83A", "expire_date": "2022-06-12T19:35:46.437Z"}}, {"model": "sessions.session", "pk": "wn6y9d9s9npkjn722pm9wrd6hqdg3tlo", "fields": {"session_data": "eyJiYWciOnsiMzQ0NjU1Ijo0fX0:1nvONt:GRS8GOQGPf-uFH6C6kaFql-FUz3qxZZ13L6ujnlEnu4", "expire_date": "2022-06-12T19:15:29.552Z"}}, {"model": "sessions.session", "pk": "wxv2wb35nd7ij7294ij0fympbp9tvkk3", "fields": {"session_data": ".eJxVjMsOwiAUBf-FtSFQWrh06d5vIDwuFjVgoE00xn9Xki50d3JmMi9i7LYuZmtYTQpkJpwcfj9n_RVzB-Fi87lQX_Jak6NdoTtt9FQC3o67-xdYbFt6drBKS-BKeuQ4BuB-cMwpMQGL2gJDL4XSEbwawbnv0CC4ENFFNTGQPdqwtVSywcc91SeZ2fsDZfs-dA:1ntEVe:4txnCgcBrwH9tVjkp5B_jjlds1k7vYrd77s4-z7HRuo", "expire_date": "2022-06-06T20:18:34.413Z"}}, {"model": "sites.site", "pk": 1, "fields": {"domain": "example.com", "name": "Scubasport"}}, {"model": "account.emailaddress", "pk": 1, "fields": {"user": 1, "email": "mrdanrichards@gmail.com", "verified": true, "primary": true}}, {"model": "account.emailaddress", "pk": 2, "fields": {"user": 2, "email": "user+1@featherstar.co.uk", "verified": true, "primary": true}}, {"model": "account.emailaddress", "pk": 3, "fields": {"user": 3, "email": "user+3@featherstar.co.uk", "verified": true, "primary": true}}, {"model": "account.emailaddress", "pk": 4, "fields": {"user": 4, "email": "user+4@featherstar.co.uk", "verified": true, "primary": true}}, {"model": "account.emailaddress", "pk": 5, "fields": {"user": 5, "email": "user+5@featherstar.co.uk", "verified": true, "primary": true}}, {"model": "account.emailaddress", "pk": 6, "fields": {"user": 6, "email": "user+6@featherstar.co.uk", "verified": true, "primary": true}}, {"model": "products.category", "pk": 1, "fields": {"name": "bcd", "friendly_name": "BCDs and Wings"}}, {"model": "products.category", "pk": 2, "fields": {"name": "Regs", "friendly_name": "Regulators"}}, {"model": "products.category", "pk": 3, "fields": {"name": "Wetsuit", "friendly_name": "Wetsuits"}}, {"model": "products.category", "pk": 4, "fields": {"name": "Drysuit", "friendly_name": "Drysuits"}}, {"model": "products.category", "pk": 5, "fields": {"name": "Fins", "friendly_name": "Fins"}}, {"model": "products.category", "pk": 6, "fields": {"name": "Mask", "friendly_name": "Masks"}}, {"model": "products.product", "pk": 23, "fields": {"name": "Agualung Leg3nd Elite Reg", "friendly_name": "Agualung Leg3nd Elite", "description": "The LEG3ND ELITE gives divers unprecedented capabilities by providing perfect precision and enhanced ergonomics at your fingertips. Advanced divers appreciate the independent micro adjustments to fine-tune their own individual breathing preferences.​", "category": 2, "gender": null, "brand": 3, "color": null, "price": "764.00", "promoted": false, "image": "products/aqualung-reg-leg3ndelite.png", "slug": "agualung-leg3nd-elite"}}, {"model": "products.product", "pk": 24, "fields": {"name": "Aqualung Core ACD Supreme Yoke Reg", "friendly_name": "Aqualung Core ACD Supreme Yoke", "description": "The Core regulator's amazing breathing, which is rated as superior on the ANSTI breathing machine, coupled with its generous features, at an attractive mid-range price, provides the best value of any regulator offered today.", "category": 2, "gender": null, "brand": 3, "color": null, "price": "290.00", "promoted": false, "image": "products/aqualung-reg-coreACD.png", "slug": "aqualung-core-acd-supreme-yoke"}}, {"model": "products.product", "pk": 25, "fields": {"name": "Oceanic Delta 5 + EDX Reg", "friendly_name": "Oceanic Delta 5 + EDX", "description": "The Delta 5 comes standard with our patented Dynamic Adjustment Technology that, once set by the diver, provides consistent airflow at any depth. It also comes standard with a dive/pre-dive switch and a super comfortable orthodontic mouth piece. This latest edition though has an updated, all metal pneumatic valve providing super smooth breathing performance in any condition.", "category": 2, "gender": null, "brand": 4, "color": null, "price": "485.00", "promoted": false, "image": "products/oceanic-delta-5.png", "slug": "oceanic-delta-5-edx"}}, {"model": "products.product", "pk": 26, "fields": {"name": "Oceanic Alpha 8 Sport Reg", "friendly_name": "Oceanic Alpha 8 Sport", "description": "Professional performance, entry-level price.\r\nThe Alpha 8 Sport is the top-performing regulator in its class, and one of the most affordably priced regulators you can buy.", "category": 2, "gender": null, "brand": 4, "color": null, "price": "230.00", "promoted": false, "image": "products/oceanic-alpha-8-sport.jpg", "slug": "oceanic-alpha-8-sport"}}, {"model": "products.product", "pk": 27, "fields": {"name": "Mares Atlas Adj 62X Reg", "friendly_name": "Mares Atlas Adj 62X", "description": "The Atlas Adj 62X is the new, all-metal regulator from Mares. This high-performance regulator meets the expectations of even the most demanding divers.\r\nThe 62X first stage features Auto Sealing Technology (AST) which protects against water entering the first stage and uses a Dynamic Flow Control (DFC) system which guarantees high, constant air flow.", "category": 2, "gender": null, "brand": 1, "color": null, "price": "584.00", "promoted": false, "image": "products/mares-atlas-adj-62x.jpg", "slug": "mares-atlas-adj-62x"}}, {"model": "products.product", "pk": 28, "fields": {"name": "Mares Abyss 22 Navy II Reg", "friendly_name": "Mares Abyss 22 Navy II", "description": "The Abyss 22 Navy scuba diving regulator is especially designed to withstand the most extreme diving situations faced by US Navy forces around the world. The regulator comes with a special kit for diving in extremely cold water. The second stage is coated with a special fluoropolymer resin finish and features Mares' exclusive VAD system.\r\nThe Abyss 22 Navy regulator guarantees a flawless performance, even under ice. The result is a reliable and durable regulator, ideal for diving in even the most extreme cold water conditions.", "category": 2, "gender": null, "brand": 5, "color": null, "price": "534.00", "promoted": false, "image": "products/mares-abyss-22-navy-2.jpg", "slug": "mares-abyss-22-navy-ii"}}, {"model": "products.product", "pk": 29, "fields": {"name": "Aqualung Omni BCD", "friendly_name": "Aqualung Omni", "description": "Created for anyone who wants to fully customize their dive gear, the Omni is a revolutionary jacket-style BCD designed to fit your specific style and size. Do not forget to order your color kit when purchasing your OMNI. Bringing ModLock technology popularized by our Rogue & Outlaw BCD's connector system, the Omni allows you to choose from 3 universal sizing components: for your back, your shoulders and your waist, allowing for dozens of size combinations. Continue your customization by choosing from multiple accessory options and 6 color kits. This is the ideal platform to create a personalized BC with perfect fit and your choice of color!", "category": 1, "gender": null, "brand": 3, "color": 2, "price": "544.00", "promoted": true, "image": "products/aqualung-omni-bcd.png", "slug": "aqualung-omni"}}, {"model": "products.product", "pk": 30, "fields": {"name": "Aqualung Axiom Blue BCD", "friendly_name": "Aqualung Axiom Blue", "description": "Super-streamlined, durable, and full-featured, the Axiom BCD combines comfort, fit, and performance for your dives. An ADV-style, wrap-around jacket with Aqualung's proprietary GripLock tank band and SureLock II integrated weight system. Plus, its Wrapture harness system distributes weight so well, you can walk upright while out of the water.", "category": 1, "gender": null, "brand": 3, "color": 3, "price": "465.00", "promoted": false, "image": "products/aqualung-axiom-blue-bcd.png", "slug": "aqualung-axiom-blue"}}, {"model": "products.product", "pk": 31, "fields": {"name": "Aqualung Axiom Black BCD", "friendly_name": "Aqualung Axiom Black", "description": "Super-streamlined, durable, and full-featured, the Axiom BCD combines comfort, fit, and performance for your dives. An ADV-style, wrap-around jacket with Aqualung's proprietary GripLock tank band and SureLock II integrated weight system. Plus, its Wrapture harness system distributes weight so well, you can walk upright while out of the water.", "category": 1, "gender": null, "brand": 3, "color": 2, "price": "465.00", "promoted": false, "image": "products/aqualung-axiom-black-bcd.png", "slug": "aqualung-axiom-black"}}, {"model": "products.product", "pk": 32, "fields": {"name": "Aqualung Pearl BCD", "friendly_name": "Aqualung Pearl", "description": "Strong. Sleek. Secure. The Pearl is a wrap-around, jacket-style BCD designed to fit the female diver. With its adjustable waistband and specially curved shoulder straps, you can customize it for a perfect fit. Plus, its lower profile lobes and shorter torso length help it rest comfortably on the hips.", "category": 1, "gender": null, "brand": 3, "color": 4, "price": "330.00", "promoted": false, "image": "products/aqualung-pearl-bcd.png", "slug": "aqualung-pearl"}}, {"model": "products.product", "pk": 33, "fields": {"name": "Cressi Scorpion BCD", "friendly_name": "Cressi Scorpion", "description": "The Scorpion Jacket is an impressively light high-buoyancy rear-mounted BC, anatomically designed for maximum comfort and wearability.\r\nIts main features are its detachable harness and air cell.\r\n\r\nThe rear-mounted air cell interferes neither with the main underwater component nor with the adjustment straps, not even when it is inflated to the maximum: this means extra freedom of movement and buoyancy for the diver.\r\n\r\nThe special air cell compression strap guarantees extra quick deflation and volume control.\r\nThe ultralight semi-rigid harness ensures optimal stability and high comfort with its air-net fabric.\r\nIts integrated Cressi Flat-Lock-Aid Weight System makes extra easy to release the pockets.", "category": 1, "gender": null, "brand": 6, "color": 2, "price": "344.00", "promoted": true, "image": "products/cressi-scorpion-bcd.jpg", "slug": "cressi-scorpion-bcd"}}, {"model": "products.product", "pk": 34, "fields": {"name": "Cress Lightwing BCD", "friendly_name": "Cress Lightwing", "description": "The Lightwing is a rear-mounted air cell B.C.D. with extremely low weight.\r\nIts 2 kg for size M makes it indispensable for travel.\r\n\r\nThe semi-rigid, soft and padded backplate allows you to fold and carry the device in the smallest possible space, thanks also to a strap with Velcro for instant packaging.\r\nThe special air-net material is present in the shoulder straps and backrest to ensure greater comfort and water drainage. Adjustable shoulder straps and chest strap. It features a hideaway pocket on the right for extra space for the accessories.", "category": 1, "gender": null, "brand": 6, "color": null, "price": "360.00", "promoted": true, "image": "products/cressi-lightwing-bcd.jpg", "slug": "cress-lightwing-bcd"}}, {"model": "products.product", "pk": 35, "fields": {"name": "Aqualung Dive 3mm Wetsuit Men", "friendly_name": "Aqualung Dive 3mm Wetsuit", "description": "The Dive modular wetsuit system provides versatile options that are durable and comfortable. The modular system addresses wetsuit needs for a variety of water temperatures—from 13° to 25°C. for colder waters, there is an add-on step-in jacket and an optional hood. Or the 6mm jumpsuit with hood attached and front zipper can be used. for warmer water, the reversible shorty offers the right solution. Thanks to the high-density neoprene, the size markings inside and outside (one color per size) and the white personal identification field to write the number of the suit along the zipper, the Dive suits provides the perfect solution and intensive use.", "category": 3, "gender": "M", "brand": 3, "color": null, "price": "150.00", "promoted": false, "image": "products/Aqualung-dive-3mm-wetsuit.png", "slug": "aqualung-dive-3mm-wetsuit"}}, {"model": "products.product", "pk": 36, "fields": {"name": "Aqualung Aquaflex 5mm wetsuit Men", "friendly_name": "Aqualung Aquaflex 5mm Wetsuit", "description": "Not too hot, not too cold, the 5mm AquaFlex wetsuit provides comfort in a wide range of ocean temperatures. \r\nThe name AquaFlex has become synonymous the world over for stretch, comfort, and warmth. The 5mm AquaFlex men's wetsuit represents the highest quality on the market. \r\nAll AquaFlex suits are made of four-way stretch neoprene, liquid rubber-sealed seams for warmth and durability and a host of other special features that make them ideal for scuba.", "category": 3, "gender": "M", "brand": 3, "color": 5, "price": "270.00", "promoted": true, "image": "products/aqualung-aquaflex-5mm-wetsuit_WspaEue.png", "slug": "aqualung-aquaflex-5mm-wetsuit"}}, {"model": "products.product", "pk": 37, "fields": {"name": "Aqualung Aquaflex 5mm wetsuit Women", "friendly_name": "Aqualung Aquaflex 5mm Wetsuit", "description": "Not too hot, not too cold, the 5mm AquaFlex wetsuit provides comfort in a wide range of ocean temperatures. The name AquaFlex has become synonymous the world over for stretch, comfort, and warmth. The 5mm AquaFlex men's wetsuit represents the highest quality on the market. All AquaFlex suits are made of four-way stretch neoprene, liquid rubber-sealed seams for warmth and durability and a host of other special features that make them ideal for scuba.", "category": 3, "gender": "F", "brand": 3, "color": 6, "price": "270.00", "promoted": true, "image": "products/aqualung-aquaflex-5mm-wetsuit-women_HJc7zOi.png", "slug": "aqualung-aquaflex-5mm-wetsuit-women"}}, {"model": "products.product", "pk": 38, "fields": {"name": "Mares Flexa 3.2.2 3mm Wetsuit Women", "friendly_name": "Mares Flexa 3.2.2 Wetsuit", "description": "The Flexa family is made of ultrastretch material that guarantees comfort, and makes it easy to put on and take off, plus several new functional features and innovative accessories. The 3.2.2 model is designed for warm water and has white identification panels.", "category": 3, "gender": "F", "brand": 1, "color": 2, "price": "230.00", "promoted": false, "image": "products/Mares-Flexa-3mm-wetsuit-women.jpg", "slug": "mares-flexa-322-wetsuit-women"}}, {"model": "products.product", "pk": 39, "fields": {"name": "Aqualung Dynaflex 5.5mm wetsuit Women", "friendly_name": "Aqualung Dynaflex 5.5mm wetsuit", "description": "This back-zipped wetsuit serves the classic segment of a base layer, with a feature-rich package. Thanks to the new 4-way super-stretch neoprene using Ultraspanª fabric, double water-seal cuffs and a semi-sealed zipper closure, Dynaflex provides a perfect fit with maximum comfort and warmth. To make life easier before and after diving, the neck opens using a zipper, this is an amazing feature when a diver has to sit and wait for the water entry. A removable pocket and a computer attachment on each sleeve are just two of the many benefits that make this suit a great addition to your dive kit.", "category": 3, "gender": "F", "brand": 3, "color": 6, "price": "325.00", "promoted": false, "image": "products/aqualung-dynaflex-5mm-wetsuit-women_24ULEjp.png", "slug": "aqualung-dynaflex-55mm-wetsuit-women"}}, {"model": "products.product", "pk": 40, "fields": {"name": "Aqualung Dynaflex 5.5mm wetsuit Men", "friendly_name": "Aqualung Dynaflex 5.5mm wetsuit", "description": "This back-zipped wetsuit serves the classic segment of a base layer, with a feature-rich package. Thanks to the new 4-way super-stretch neoprene using Ultraspan fabric, double water-seal cuffs and a semi-sealed zipper closure, Dynaflex provides a perfect fit with maximum comfort and warmth. To make life easier before and after diving, the neck opens using a zipper, this is an amazing feature when a diver has to sit and wait for the water entry. A removable pocket and a computer attachment on each sleeve are just two of the many benefits that make this suit a great addition to your dive kit.", "category": 3, "gender": "M", "brand": 3, "color": 5, "price": "325.00", "promoted": false, "image": "products/aqualung-dynaflex-5mm-wetsuit-men_qCJHfTd.png", "slug": "aqualung-dynaflex-55mm-wetsuit-men"}}, {"model": "products.product", "pk": 41, "fields": {"name": "Aqualung Blizzard Pro Drysuit Men", "friendly_name": "Aqualung Blizzard Pro Drysuit", "description": "Stay warm in the coldest waters. The Blizzard Pro is an advanced neoprene drysuit thanks to the premium compressed Yamamoto neoprene. The Blizzard Pro includes SLT technology for the wrist seals, a large opening cargo pocket, a mesh drain panel, and ultra-reflective safety tape. The Blizzard Pro comes with comfortable suspenders and is available with integrated socks.", "category": 4, "gender": "M", "brand": 3, "color": 2, "price": "1063.00", "promoted": false, "image": "products/aqualung-blizzard-pro-drysuit-men_e2cnBhc.jpg", "slug": "aqualung-blizzard-pro-drysuit-men"}}, {"model": "products.product", "pk": 42, "fields": {"name": "Aqualung Fushion Sport Drysuit Men", "friendly_name": "Aqualung Fushion Sport Drysuit", "description": "Our Fusion Essence and One Drysuit models are already revolutionary. The Fusion Sport adds the benefits of a breathable AirCore inner layer combined with a high stretch, lightweight and quick drying outer layer. The overall design is minimalist, compact enough to fit in your carry-on luggage. This makes for a great travel drysuit. Travel to the end of the world and back!", "category": 4, "gender": "M", "brand": 3, "color": 2, "price": "1160.00", "promoted": false, "image": "products/aqualung-fusion-sport-drysuit-men_RbwHRQt.png", "slug": "aqualung-fushion-sport-drysuit-men"}}, {"model": "products.product", "pk": 43, "fields": {"name": "Avatar 101 Drysuit Men", "friendly_name": "Avatar 101 Drysuit", "description": "The Avatar 101 Drysuit is a lightweight front-entry, membrane drysuit with plenty of flexibility from the breathable material. The telescopic body and ergonomic tailoring let you bend and flex in the water as you need to as well as be more comfortable on the surface thanks to the breathable material.\r\n\r\nLarge pockets and neoprene tech boots give you plenty of storage space for your essentials and ankle movement for finning. SmartSeal Cuffs make it quick and easy to swap cuff seals and can be paired with SmartGloves to fit drygloves to the 101 Drysuit.", "category": 4, "gender": "M", "brand": 7, "color": 5, "price": "1295.00", "promoted": false, "image": "products/avatar-101-drysuit-men_ap6f01A.png", "slug": "avatar-101-drysuit-men"}}, {"model": "products.product", "pk": 44, "fields": {"name": "Avatar 101 Undersuit Men", "friendly_name": "Avatar 101 Undersuit", "description": "The Avatar 901 Drysuit Undersuit is a one-piece thermal undersuit made from recycled plastic bottles into a thick Sherpa Fleece with similar warmth compared to natural wool. Dual pockets for storage and keeping your hands warm and a purpose hole for heated undersuit cables. Thumb Loops and Foot Stirrups keep the undersuit sleeves in place during donning your drysuit and the dive so you're always covered.", "category": 4, "gender": "M", "brand": 7, "color": 2, "price": "205.00", "promoted": false, "image": "products/avatar-101-undersuit-men_L6VxB7D.png", "slug": "avatar-101-undersuit-men"}}, {"model": "products.product", "pk": 45, "fields": {"name": "Avatar 101 Undersuit Women", "friendly_name": "Avatar 101 Undersuit", "description": "The Avatar 901 Drysuit Undersuit is a one-piece thermal undersuit made from recycled plastic bottles into a thick Sherpa Fleece with similar warmth compared to natural wool. Dual pockets for storage and keeping your hands warm and a purpose hole for heated undersuit cables. Thumb Loops and Foot Stirrups keep the undersuit sleeves in place during donning your drysuit and the dive so you're always covered.", "category": 4, "gender": "F", "brand": 7, "color": 2, "price": "205.00", "promoted": false, "image": "products/avatar-101-undersuit-women_VpKa8PN.png", "slug": "avatar-101-undersuit-women"}}, {"model": "products.product", "pk": 46, "fields": {"name": "Avatar 101 Drysuit Women", "friendly_name": "Avatar 101 Drysuit", "description": "The Avatar 101 Drysuit is a lightweight front-entry, membrane drysuit with plenty of flexibility from the breathable material. The telescopic body and ergonomic tailoring let you bend and flex in the water as you need to as well as be more comfortable on the surface thanks to the breathable material.\r\n\r\nLarge pockets and neoprene tech boots give you plenty of storage space for your essentials and ankle movement for finning. SmartSeal Cuffs make it quick and easy to swap cuff seals and can be paired with SmartGloves to fit drygloves to the 101 Drysuit.", "category": 4, "gender": "F", "brand": 7, "color": 2, "price": "205.00", "promoted": false, "image": "products/avatar-101-drysuit-women_OltDD3L.png", "slug": "avatar-101-drysuit-women"}}, {"model": "products.product", "pk": 47, "fields": {"name": "Aqualung Blizzard Pro Drysuit Women", "friendly_name": "Aqualung Blizzard Pro Drysuit", "description": "Stay warm in the coldest waters. The Blizzard Pro is an advanced neoprene drysuit thanks to the premium compressed Yamamoto neoprene. The Blizzard Pro includes SLT technology for the wrist seals, a large opening cargo pocket, a mesh drain panel, and ultra-reflective safety tape. The Blizzard Pro comes with comfortable suspenders and is available with integrated socks.", "category": 4, "gender": "F", "brand": 3, "color": 2, "price": "1063.00", "promoted": false, "image": "products/aqualung-blizzard-pro-drysuit-women_EzKwPW1.png", "slug": "aqualung-blizzard-pro-drysuit-women"}}, {"model": "products.product", "pk": 48, "fields": {"name": "Aqualung Fushion Sport Drysuit Women", "friendly_name": "Aqualung Fushion Sport Drysuit", "description": "Our Fusion Essence and One Drysuit models are already revolutionary. The Fusion Sport adds the benefits of a breathable AirCore inner layer combined with a high stretch, lightweight and quick drying outer layer. The overall design is minimalist, compact enough to fit in your carry-on luggage. This makes for a great travel drysuit. Travel to the end of the world and back!", "category": 4, "gender": "F", "brand": 3, "color": 2, "price": "1160.00", "promoted": false, "image": "products/aqualung-fusion-sport-drysuit-women_sAlQRXJ.png", "slug": "aqualung-fushion-sport-drysuit-women"}}, {"model": "products.product", "pk": 49, "fields": {"name": "Aqualung Phazer Fins Black", "friendly_name": "Aqualung Phazer Fins", "description": "We expect you'll increase your skill as you progress in diving. That's why the Phazer fin, with its revolutionary composite wave rib technology, is designed to provide balance and power for any experience level. The Phazer uses a tri-material construction and advanced water channel system to optimize energy with every kick. Made in Italy", "category": 5, "gender": null, "brand": 3, "color": 2, "price": "110.00", "promoted": false, "image": "products/aqualung-phazer-fin_szgjxog.png", "slug": "aqualung-phazer-fins"}}, {"model": "products.product", "pk": 50, "fields": {"name": "Aqualung Phazer Fins white/pink", "friendly_name": "Aqualung Phazer Fins", "description": "We expect you'll increase your skill as you progress in diving. That's why the Phazer fin, with its revolutionary composite wave rib technology, is designed to provide balance and power for any experience level. The Phazer uses a tri-material construction and advanced water channel system to optimize energy with every kick. Made in Italy", "category": 5, "gender": null, "brand": 3, "color": 7, "price": "110.00", "promoted": false, "image": "products/aqualung-phazer-fin-white-pink_GzKacfa.png", "slug": "aqualung-phazer-fins-white-pink"}}, {"model": "products.product", "pk": 51, "fields": {"name": "Aqualung Phazer Fins white/blue", "friendly_name": "Aqualung Phazer Fins", "description": "We expect you'll increase your skill as you progress in diving. That's why the Phazer fin, with its revolutionary composite wave rib technology, is designed to provide balance and power for any experience level. The Phazer uses a tri-material construction and advanced water channel system to optimize energy with every kick. Made in Italy", "category": 5, "gender": null, "brand": 3, "color": 8, "price": "110.00", "promoted": false, "image": "products/aqualung-phazer-fin-white-blue_0QU3PjP.png", "slug": "aqualung-phazer-fins-whiteblue"}}, {"model": "products.product", "pk": 52, "fields": {"name": "Cressi Reaction Fins Black", "friendly_name": "Cressi Reaction Fins", "description": "Cressi’s most technically advanced fin, the Reaction uses a completely new polypropylene blade material that is more reactive, flexible and trim than previous designs.\r\nIt kicks easily yet powerfully and is suitable for divers of every experience level.\r\n\r\nThe longer blade efficiently transfers energy from the computer-designed foot pocket, and like other Cressi fins, the blade extends from the top of the foot pocket to maximize its effective surface area for more thrust.\r\n\r\nOther innovations include new locking strap buckles and anti-slip material for better traction out of the water.", "category": 5, "gender": null, "brand": 6, "color": 2, "price": "99.00", "promoted": false, "image": "products/cressi-reaction-fin-black.jpg", "slug": "cressi-reaction-fins-black"}}, {"model": "products.product", "pk": 53, "fields": {"name": "Cressi Reaction Fins Yellow", "friendly_name": "Cressi Reaction Fins", "description": "Cressi’s most technically advanced fin, the Reaction uses a completely new polypropylene blade material that is more reactive, flexible and trim than previous designs.\r\nIt kicks easily yet powerfully and is suitable for divers of every experience level.\r\n\r\nThe longer blade efficiently transfers energy from the computer-designed foot pocket, and like other Cressi fins, the blade extends from the top of the foot pocket to maximize its effective surface area for more thrust.\r\n\r\nOther innovations include new locking strap buckles and anti-slip material for better traction out of the water.", "category": 5, "gender": null, "brand": 6, "color": 9, "price": "99.00", "promoted": true, "image": "products/cressi-reaction-fin-yellow.jpg", "slug": "cressi-reaction-fins-yellow"}}, {"model": "products.product", "pk": 54, "fields": {"name": "Cressi Reaction Fins Blue", "friendly_name": "Cressi Reaction Fins", "description": "Cressi’s most technically advanced fin, the Reaction uses a completely new polypropylene blade material that is more reactive, flexible and trim than previous designs.\r\n\r\nIt kicks easily yet powerfully and is suitable for divers of every experience level.\r\nThe longer blade efficiently transfers energy from the computer-designed foot pocket, and like other Cressi fins, the blade extends from the top of the foot pocket to maximize its effective surface area for more thrust.\r\n\r\nOther innovations include new locking strap buckles and anti-slip material for better traction out of the water.", "category": 5, "gender": null, "brand": 6, "color": 3, "price": "99.00", "promoted": false, "image": "products/cressi-reaction-fin-blue.jpg", "slug": "cressi-reaction-fins-blue"}}, {"model": "products.product", "pk": 55, "fields": {"name": "Cressi Frog Plus Fins Blue/white", "friendly_name": "Cressi Frog Plus Fins", "description": "The Cressi Frog Plus Diving Fins are a simple pair of scuba diving fins with some clever details that improve their performance in the water. By moulding the blade of the fin to the top of the foot pocket Cressi have increased the angle of attack and surface area of the fin compared to similar rivals.", "category": 5, "gender": null, "brand": 6, "color": 10, "price": "75.00", "promoted": false, "image": "products/cressi-frogplus-fin-blue.jpg", "slug": "cressi-frog-plus-fins-bluewhite"}}, {"model": "products.product", "pk": 56, "fields": {"name": "Cressi Frog Plus Fins White", "friendly_name": "Cressi Frog Plus Fins", "description": "The Cressi Frog Plus Diving Fins are a simple pair of scuba diving fins with some clever details that improve their performance in the water. By moulding the blade of the fin to the top of the foot pocket Cressi have increased the angle of attack and surface area of the fin compared to similar rivals.", "category": 5, "gender": null, "brand": 6, "color": null, "price": "75.00", "promoted": false, "image": "products/cressi-frogplus-fin-white.jpg", "slug": "cressi-frog-plus-fins-white"}}, {"model": "products.product", "pk": 57, "fields": {"name": "Cressi Frog Plus Fins Black/Pink", "friendly_name": "Cressi Frog Plus Fins", "description": "The Cressi Frog Plus Diving Fins are a simple pair of scuba diving fins with some clever details that improve their performance in the water. By moulding the blade of the fin to the top of the foot pocket Cressi have increased the angle of attack and surface area of the fin compared to similar rivals.", "category": 5, "gender": null, "brand": 6, "color": null, "price": "75.00", "promoted": false, "image": "products/cressi-frogplus-fin-black-pink.jpg", "slug": "cressi-frog-plus-fins-blackpink"}}, {"model": "products.product", "pk": 58, "fields": {"name": "Beuchat Aquabionic Evo Diving Fins Black", "friendly_name": "Beuchat Aquabionic Evo Diving Fins", "description": "Inspired by different marine mammals to create the most comfortable and most powerful dive fin ever designed\r\n\r\nOnly fin in the world to integrate Water Adapting Responsive Propulsion (WARP) technology.\r\nBeuchat’s exclusive system is designed to amplify the thrust of the diver’s finstroke.", "category": 5, "gender": null, "brand": 8, "color": 2, "price": "137.00", "promoted": false, "image": "products/beuchat-aquabionic-evo-fin-black.jpg", "slug": "beuchat-aquabionic-evo-diving-fins-black"}}, {"model": "products.product", "pk": 59, "fields": {"name": "Beuchat Aquabionic Evo Diving Fins Yellow", "friendly_name": "Beuchat Aquabionic Evo Diving Fins", "description": "Inspired by different marine mammals to create the most comfortable and most powerful dive fin ever designed\r\n\r\nOnly fin in the world to integrate Water Adapting Responsive Propulsion (WARP) technology.\r\nBeuchat’s exclusive system is designed to amplify the thrust of the diver’s finstroke.", "category": 5, "gender": null, "brand": 8, "color": 9, "price": "137.00", "promoted": false, "image": "products/beuchat-aquabionic-evo-fin-yellow.jpg", "slug": "beuchat-aquabionic-evo-diving-fins-yellow"}}, {"model": "products.product", "pk": 60, "fields": {"name": "Mares Avanti Quattro Fins Black", "friendly_name": "Mares Avanti Quattro Fins", "description": "The Avanti Quattro + diving fins exceed the established performance of the traditional model thanks to the use of new materials that optimise efficiency. Increased responsiveness and thrust power with an even more attractive look and a standard Bungee Strap. The proven Channel Thrust technology makes the fin versatile and perfect in all diving conditions. The stabilising drifts improve stability, eliminating ankle torsion. The anatomical foot pocket transmits more power to the blade.", "category": 5, "gender": null, "brand": 1, "color": 2, "price": "110.00", "promoted": true, "image": "products/mares-avanti-quattro-fin-black.jpg", "slug": "mares-avanti-quattro-fins-black"}}, {"model": "products.product", "pk": 61, "fields": {"name": "Mares Avanti Quattro Fins Blue", "friendly_name": "Mares Avanti Quattro Fins", "description": "The Avanti Quattro + diving fins exceed the established performance of the traditional model thanks to the use of new materials that optimise efficiency. Increased responsiveness and thrust power with an even more attractive look and a standard Bungee Strap. The proven Channel Thrust technology makes the fin versatile and perfect in all diving conditions. The stabilising drifts improve stability, eliminating ankle torsion. The anatomical foot pocket transmits more power to the blade.", "category": 5, "gender": null, "brand": 1, "color": 3, "price": "110.00", "promoted": false, "image": "products/mares-avanti-quattro-fin-blue.jpg", "slug": "mares-avanti-quattro-fins-blue"}}, {"model": "products.product", "pk": 62, "fields": {"name": "Mares Avanti Quattro Fins Green", "friendly_name": "Mares Avanti Quattro Fins", "description": "The Avanti Quattro + diving fins exceed the established performance of the traditional model thanks to the use of new materials that optimise efficiency. Increased responsiveness and thrust power with an even more attractive look and a standard Bungee Strap. The proven Channel Thrust technology makes the fin versatile and perfect in all diving conditions. The stabilising drifts improve stability, eliminating ankle torsion. The anatomical foot pocket transmits more power to the blade.", "category": 5, "gender": null, "brand": 1, "color": 13, "price": "110.00", "promoted": true, "image": "products/mares-avanti-quattro-fin-green.jpg", "slug": "mares-avanti-quattro-fins-green"}}, {"model": "products.product", "pk": 63, "fields": {"name": "Hollis F1 Fins Black", "friendly_name": "Hollis F1 Fins", "description": "he Hollis F1 fin blends graceful movement, power and bulletproof construction. Meet the new standard in diving.\r\n\r\nHigh grade, heavy duty rubber construction\r\nAngled strap mounts for comfort and a better transition of power\r\nSpring heel straps with easy-grip heel tab\r\nMultiple strap mounting positions for a fine tuned fit\r\nVented blade to reduce stress while accelerating water over the blade\r\nGenerous foot pocket", "category": 5, "gender": null, "brand": 9, "color": 2, "price": "150.00", "promoted": false, "image": "products/hollis-f1-fin-black.jpeg", "slug": "hollis-f1-fins-black"}}, {"model": "products.product", "pk": 64, "fields": {"name": "aqualung linea mask white/transparent", "friendly_name": "Aqualung Linea Mask", "description": "The women at aqualung put their heads together and gathered female divers' input to design an unsurpassed women's mask: a wide-angle view in an ultra-compact, low-volume, low-profile package. Enjoy a Comfort Buckle System that's tangle-free and Advanced Fit Technology, minimizing the lines left on your face after a dive. Made in Italy", "category": 6, "gender": null, "brand": 3, "color": 14, "price": "70.00", "promoted": true, "image": "products/aqualung-linea-mask.png", "slug": "aqualung-linea-mask-whitetransparent"}}, {"model": "products.product", "pk": 65, "fields": {"name": "aqualung linea mask black", "friendly_name": "Aqualung Linea Mask", "description": "he women at aqualung put their heads together and gathered female divers' input to design an unsurpassed women's mask: a wide-angle view in an ultra-compact, low-volume, low-profile package. Enjoy a Comfort Buckle System that's tangle-free and Advanced Fit Technology, minimizing the lines left on your face after a dive. Made in Italy", "category": 6, "gender": null, "brand": 3, "color": 2, "price": "70.00", "promoted": false, "image": "products/aqualung-linea-mask-black.png", "slug": "aqualung-linea-mask-black"}}, {"model": "products.product", "pk": 66, "fields": {"name": "beuchat maxlux mask", "friendly_name": "Beuchat Maxlux Mask", "description": "Unrivalled panoramic vision\r\nSpecific design considerably reduces the internal volume (137cm3), offering a panoramic field of vision with a clearer upward view and high luminosity\r\nRimless, with the skirt moulded directly onto the glass. Reduced mask volume and weight, with better sealing and increased toughness\r\nHigh degree of comfort thanks to micrometric adjustment buckles situated on the hypoallergenic silicon skirt", "category": 6, "gender": null, "brand": 8, "color": 2, "price": "55.00", "promoted": false, "image": "products/beuchat-maxlux-mask.jpg", "slug": "beuchat-maxlux-mask"}}, {"model": "products.product", "pk": 67, "fields": {"name": "mares pure wire mask red/black", "friendly_name": "Mares Pure Wire", "description": "The Pure-Wire mask has a customisable, modern design. The frame is interchangeable, making it easy to change the look of your mask. The shape of the face piece and the special soft silicone allow it to adapt perfectly to any face shape. An excellent mask for your scuba diving thanks to its wide field of vision.", "category": 6, "gender": null, "brand": 1, "color": 15, "price": "45.00", "promoted": false, "image": "products/mares-pure-wire-mask-red-black.jpg", "slug": "mares-pure-wire-mask-redblack"}}, {"model": "products.product", "pk": 68, "fields": {"name": "mares pure wire mask blue/clear", "friendly_name": "Mares Pure Wire", "description": "The Pure-Wire mask has a customisable, modern design. The frame is interchangeable, making it easy to change the look of your mask. The shape of the face piece and the special soft silicone allow it to adapt perfectly to any face shape. An excellent mask for your scuba diving thanks to its wide field of vision.", "category": 6, "gender": null, "brand": 1, "color": 16, "price": "45.00", "promoted": false, "image": "products/mares-pure-wire-mask-blue-clear.jpg", "slug": "mares-pure-wire-mask-blue-clear"}}, {"model": "products.product", "pk": 69, "fields": {"name": "fourth element navigator mask", "friendly_name": "Fourth Element Navigator Enhance", "description": "Adding to our full collection of dive masks, Fourth Element’s Navigator dive mask is designed for ultimate comfort at depth for every technical diver.\r\n\r\nWith an excellent field of vision, the Navigator’s framed twin lens makes it perfect for any dive, with optimisation depending on your dive experience.\r\n\r\nThe Navigator’s fully recyclable, super-soft silicone skirt is designed to minimizes pressure, making longer and deeper dives more comfortable. The Navigator dive mask is available in two different skirt fittings to suit the maximum range of face shapes.", "category": 6, "gender": null, "brand": 10, "color": 2, "price": "75.00", "promoted": false, "image": "products/fourth-element-navigator-mask-black.webp", "slug": "fourth-element-navigator-mask"}}, {"model": "products.product", "pk": 70, "fields": {"name": "aqualung plazma mask black tinted", "friendly_name": "Aqualung Plazma", "description": "For new and experienced divers, the Plazma is the only frameless panoramic diving mask that delivers a perfect fit with excellent comfort from surgical grade premium silicone and enhanced stability zones. The Plazma mask delivers a lightweight and compact, low-profile design in fresh, exciting color combinations. Made in Italy", "category": 6, "gender": null, "brand": 3, "color": 17, "price": "70.00", "promoted": false, "image": "products/aqualung-plazma-mask-tinted-black.png", "slug": "aqualung-plazma-mask-black-tinted"}}, {"model": "products.product", "pk": 72, "fields": {"name": "mares chroma up mask black/white", "friendly_name": "Mares Chroma Up", "description": "The Chroma Up diving mask has a hydrodynamic profile and a wide field of view. The face piece is made of mono-silicone while the frame is made of tri-material with a soft insert that makes it very comfortable. The lenses are easily replaceable.", "category": 6, "gender": null, "brand": 1, "color": 18, "price": "60.00", "promoted": false, "image": "products/mares-chroma-up-mask-black-white.jpg", "slug": "mares-chroma-up-mask-blackwhite"}}, {"model": "products.product", "pk": 73, "fields": {"name": "mares chroma up mask black/orange", "friendly_name": "Mares Chroma Up", "description": "The Chroma Up diving mask has a hydrodynamic profile and a wide field of view. The face piece is made of mono-silicone while the frame is made of tri-material with a soft insert that makes it very comfortable. The lenses are easily replaceable.", "category": 6, "gender": null, "brand": 1, "color": 19, "price": "60.00", "promoted": false, "image": "products/mares-chroma-up-mask-black-orange.jpg", "slug": "mares-chroma-up-mask-blackorange"}}, {"model": "products.product", "pk": 80, "fields": {"name": "sdnkldn", "friendly_name": "gjenfkenj", "description": "gnkwdnk", "category": 3, "gender": "M", "brand": 3, "color": 13, "price": "344.00", "promoted": false, "image": "", "slug": "sdnkldn"}}, {"model": "products.product", "pk": 82, "fields": {"name": "test-product2", "friendly_name": "dlknsdl", "description": "lwgknlk", "category": 3, "gender": "F", "brand": 8, "color": 15, "price": "300.00", "promoted": false, "image": "", "slug": "test-product2"}}, {"model": "products.brand", "pk": 1, "fields": {"name": "Mares"}}, {"model": "products.brand", "pk": 2, "fields": {"name": "Scubapro"}}, {"model": "products.brand", "pk": 3, "fields": {"name": "Aqualung"}}, {"model": "products.brand", "pk": 4, "fields": {"name": "Oceanic"}}, {"model": "products.brand", "pk": 5, "fields": {"name": "Mares"}}, {"model": "products.brand", "pk": 6, "fields": {"name": "Cressi"}}, {"model": "products.brand", "pk": 7, "fields": {"name": "Avatar"}}, {"model": "products.brand", "pk": 8, "fields": {"name": "Beuchat"}}, {"model": "products.brand", "pk": 9, "fields": {"name": "Hollis"}}, {"model": "products.brand", "pk": 10, "fields": {"name": "Fourth-element"}}, {"model": "products.size", "pk": 1, "fields": {"name": "XS", "friendly_name": "Extra-Small"}}, {"model": "products.size", "pk": 2, "fields": {"name": "S", "friendly_name": "Small"}}, {"model": "products.size", "pk": 3, "fields": {"name": "M", "friendly_name": "Medium"}}, {"model": "products.size", "pk": 4, "fields": {"name": "L", "friendly_name": "Large"}}, {"model": "products.size", "pk": 5, "fields": {"name": "XL", "friendly_name": "Extra-Large"}}, {"model": "products.size", "pk": 6, "fields": {"name": "n/a", "friendly_name": "N/A"}}, {"model": "products.size", "pk": 7, "fields": {"name": "2XS", "friendly_name": "2XS"}}, {"model": "products.size", "pk": 8, "fields": {"name": "2XL", "friendly_name": "2XL"}}, {"model": "products.color", "pk": 2, "fields": {"name": "Black"}}, {"model": "products.color", "pk": 3, "fields": {"name": "Blue"}}, {"model": "products.color", "pk": 4, "fields": {"name": "Purple"}}, {"model": "products.color", "pk": 5, "fields": {"name": "Black/Blue"}}, {"model": "products.color", "pk": 6, "fields": {"name": "Black/Purple"}}, {"model": "products.color", "pk": 7, "fields": {"name": "White / Pink"}}, {"model": "products.color", "pk": 8, "fields": {"name": "White / Blue"}}, {"model": "products.color", "pk": 9, "fields": {"name": "Yellow"}}, {"model": "products.color", "pk": 10, "fields": {"name": "Blue / White"}}, {"model": "products.color", "pk": 13, "fields": {"name": "Green"}}, {"model": "products.color", "pk": 14, "fields": {"name": "White / Transparent"}}, {"model": "products.color", "pk": 15, "fields": {"name": "Black/Red"}}, {"model": "products.color", "pk": 16, "fields": {"name": "Blue / Transparent"}}, {"model": "products.color", "pk": 17, "fields": {"name": "Black/Tinted"}}, {"model": "products.color", "pk": 18, "fields": {"name": "Black / White"}}, {"model": "products.color", "pk": 19, "fields": {"name": "Black / Orange"}}, {"model": "products.inventory", "pk": 22, "fields": {"size": 6, "product": 23, "count": 11, "sku": "331995"}}, {"model": "products.inventory", "pk": 23, "fields": {"size": 6, "product": 24, "count": 6, "sku": "821027"}}, {"model": "products.inventory", "pk": 24, "fields": {"size": 6, "product": 25, "count": 20, "sku": "552104"}}, {"model": "products.inventory", "pk": 25, "fields": {"size": 6, "product": 26, "count": 14, "sku": "499450"}}, {"model": "products.inventory", "pk": 26, "fields": {"size": 6, "product": 27, "count": 5, "sku": "216971"}}, {"model": "products.inventory", "pk": 27, "fields": {"size": 6, "product": 28, "count": 16, "sku": "146255"}}, {"model": "products.inventory", "pk": 28, "fields": {"size": 2, "product": 29, "count": 10, "sku": "596206"}}, {"model": "products.inventory", "pk": 29, "fields": {"size": 3, "product": 29, "count": 10, "sku": "265711"}}, {"model": "products.inventory", "pk": 30, "fields": {"size": 4, "product": 29, "count": 10, "sku": "379315"}}, {"model": "products.inventory", "pk": 31, "fields": {"size": 2, "product": 30, "count": 0, "sku": "715435"}}, {"model": "products.inventory", "pk": 32, "fields": {"size": 3, "product": 30, "count": 7, "sku": "919248"}}, {"model": "products.inventory", "pk": 33, "fields": {"size": 4, "product": 30, "count": 8, "sku": "335199"}}, {"model": "products.inventory", "pk": 34, "fields": {"size": 2, "product": 31, "count": 7, "sku": "191541"}}, {"model": "products.inventory", "pk": 35, "fields": {"size": 3, "product": 31, "count": 6, "sku": "780279"}}, {"model": "products.inventory", "pk": 36, "fields": {"size": 4, "product": 31, "count": 5, "sku": "454890"}}, {"model": "products.inventory", "pk": 37, "fields": {"size": 2, "product": 32, "count": 0, "sku": "644438"}}, {"model": "products.inventory", "pk": 38, "fields": {"size": 3, "product": 32, "count": 5, "sku": "989492"}}, {"model": "products.inventory", "pk": 39, "fields": {"size": 4, "product": 32, "count": 5, "sku": "550282"}}, {"model": "products.inventory", "pk": 40, "fields": {"size": 1, "product": 33, "count": 9, "sku": "931526"}}, {"model": "products.inventory", "pk": 41, "fields": {"size": 2, "product": 33, "count": 11, "sku": "924685"}}, {"model": "products.inventory", "pk": 42, "fields": {"size": 3, "product": 33, "count": 13, "sku": "717323"}}, {"model": "products.inventory", "pk": 43, "fields": {"size": 4, "product": 33, "count": 15, "sku": "697945"}}, {"model": "products.inventory", "pk": 44, "fields": {"size": 5, "product": 33, "count": 11, "sku": "314617"}}, {"model": "products.inventory", "pk": 45, "fields": {"size": 2, "product": 34, "count": 5, "sku": "168778"}}, {"model": "products.inventory", "pk": 46, "fields": {"size": 3, "product": 34, "count": 5, "sku": "980059"}}, {"model": "products.inventory", "pk": 47, "fields": {"size": 4, "product": 34, "count": 5, "sku": "268135"}}, {"model": "products.inventory", "pk": 48, "fields": {"size": 1, "product": 35, "count": 11, "sku": "408309"}}, {"model": "products.inventory", "pk": 49, "fields": {"size": 2, "product": 35, "count": 14, "sku": "366789"}}, {"model": "products.inventory", "pk": 50, "fields": {"size": 3, "product": 35, "count": 14, "sku": "966260"}}, {"model": "products.inventory", "pk": 51, "fields": {"size": 4, "product": 35, "count": 14, "sku": "495741"}}, {"model": "products.inventory", "pk": 52, "fields": {"size": 5, "product": 35, "count": 14, "sku": "914310"}}, {"model": "products.inventory", "pk": 53, "fields": {"size": 1, "product": 36, "count": 10, "sku": "301245"}}, {"model": "products.inventory", "pk": 54, "fields": {"size": 2, "product": 36, "count": 6, "sku": "400373"}}, {"model": "products.inventory", "pk": 55, "fields": {"size": 3, "product": 36, "count": 0, "sku": "979114"}}, {"model": "products.inventory", "pk": 56, "fields": {"size": 4, "product": 36, "count": 6, "sku": "352685"}}, {"model": "products.inventory", "pk": 57, "fields": {"size": 5, "product": 36, "count": 6, "sku": "175607"}}, {"model": "products.inventory", "pk": 58, "fields": {"size": 1, "product": 37, "count": 18, "sku": "327133"}}, {"model": "products.inventory", "pk": 59, "fields": {"size": 2, "product": 37, "count": 4, "sku": "448567"}}, {"model": "products.inventory", "pk": 60, "fields": {"size": 3, "product": 37, "count": 6, "sku": "873609"}}, {"model": "products.inventory", "pk": 61, "fields": {"size": 4, "product": 37, "count": 6, "sku": "138059"}}, {"model": "products.inventory", "pk": 62, "fields": {"size": 5, "product": 37, "count": 6, "sku": "568907"}}, {"model": "products.inventory", "pk": 63, "fields": {"size": 1, "product": 38, "count": 10, "sku": "620703"}}, {"model": "products.inventory", "pk": 65, "fields": {"size": 3, "product": 38, "count": 10, "sku": "331512"}}, {"model": "products.inventory", "pk": 66, "fields": {"size": 4, "product": 38, "count": 10, "sku": "362218"}}, {"model": "products.inventory", "pk": 67, "fields": {"size": 5, "product": 38, "count": 10, "sku": "363209"}}, {"model": "products.inventory", "pk": 68, "fields": {"size": 1, "product": 39, "count": 15, "sku": "277948"}}, {"model": "products.inventory", "pk": 69, "fields": {"size": 2, "product": 39, "count": 0, "sku": "457410"}}, {"model": "products.inventory", "pk": 70, "fields": {"size": 3, "product": 39, "count": 15, "sku": "267337"}}, {"model": "products.inventory", "pk": 71, "fields": {"size": 4, "product": 39, "count": 15, "sku": "461834"}}, {"model": "products.inventory", "pk": 72, "fields": {"size": 5, "product": 39, "count": 10, "sku": "447919"}}, {"model": "products.inventory", "pk": 73, "fields": {"size": 1, "product": 40, "count": 5, "sku": "697568"}}, {"model": "products.inventory", "pk": 74, "fields": {"size": 2, "product": 40, "count": 5, "sku": "479448"}}, {"model": "products.inventory", "pk": 75, "fields": {"size": 3, "product": 40, "count": 4, "sku": "209798"}}, {"model": "products.inventory", "pk": 76, "fields": {"size": 4, "product": 40, "count": 5, "sku": "407217"}}, {"model": "products.inventory", "pk": 77, "fields": {"size": 5, "product": 40, "count": 4, "sku": "755378"}}, {"model": "products.inventory", "pk": 78, "fields": {"size": 1, "product": 41, "count": 10, "sku": "305711"}}, {"model": "products.inventory", "pk": 79, "fields": {"size": 2, "product": 41, "count": 10, "sku": "772555"}}, {"model": "products.inventory", "pk": 80, "fields": {"size": 3, "product": 41, "count": 9, "sku": "264802"}}, {"model": "products.inventory", "pk": 81, "fields": {"size": 4, "product": 41, "count": 9, "sku": "446339"}}, {"model": "products.inventory", "pk": 82, "fields": {"size": 5, "product": 41, "count": 10, "sku": "144487"}}, {"model": "products.inventory", "pk": 83, "fields": {"size": 1, "product": 42, "count": 10, "sku": "416124"}}, {"model": "products.inventory", "pk": 84, "fields": {"size": 2, "product": 42, "count": 10, "sku": "740931"}}, {"model": "products.inventory", "pk": 85, "fields": {"size": 3, "product": 42, "count": 10, "sku": "804851"}}, {"model": "products.inventory", "pk": 86, "fields": {"size": 4, "product": 42, "count": 10, "sku": "475951"}}, {"model": "products.inventory", "pk": 87, "fields": {"size": 5, "product": 42, "count": 10, "sku": "793020"}}, {"model": "products.inventory", "pk": 88, "fields": {"size": 1, "product": 43, "count": 8, "sku": "191072"}}, {"model": "products.inventory", "pk": 89, "fields": {"size": 2, "product": 43, "count": 8, "sku": "384364"}}, {"model": "products.inventory", "pk": 90, "fields": {"size": 3, "product": 43, "count": 8, "sku": "417875"}}, {"model": "products.inventory", "pk": 91, "fields": {"size": 4, "product": 43, "count": 8, "sku": "617291"}}, {"model": "products.inventory", "pk": 92, "fields": {"size": 5, "product": 43, "count": 8, "sku": "918539"}}, {"model": "products.inventory", "pk": 93, "fields": {"size": 2, "product": 44, "count": 7, "sku": "246718"}}, {"model": "products.inventory", "pk": 94, "fields": {"size": 3, "product": 44, "count": 7, "sku": "707530"}}, {"model": "products.inventory", "pk": 95, "fields": {"size": 4, "product": 44, "count": 7, "sku": "108242"}}, {"model": "products.inventory", "pk": 96, "fields": {"size": 2, "product": 45, "count": 8, "sku": "709078"}}, {"model": "products.inventory", "pk": 97, "fields": {"size": 3, "product": 45, "count": 8, "sku": "427920"}}, {"model": "products.inventory", "pk": 98, "fields": {"size": 4, "product": 45, "count": 8, "sku": "226588"}}, {"model": "products.inventory", "pk": 99, "fields": {"size": 1, "product": 46, "count": 7, "sku": "800105"}}, {"model": "products.inventory", "pk": 100, "fields": {"size": 2, "product": 46, "count": 7, "sku": "262888"}}, {"model": "products.inventory", "pk": 101, "fields": {"size": 3, "product": 46, "count": 7, "sku": "127363"}}, {"model": "products.inventory", "pk": 102, "fields": {"size": 4, "product": 46, "count": 7, "sku": "930801"}}, {"model": "products.inventory", "pk": 103, "fields": {"size": 5, "product": 46, "count": 7, "sku": "951838"}}, {"model": "products.inventory", "pk": 104, "fields": {"size": 1, "product": 47, "count": 9, "sku": "967841"}}, {"model": "products.inventory", "pk": 105, "fields": {"size": 2, "product": 47, "count": 10, "sku": "523270"}}, {"model": "products.inventory", "pk": 106, "fields": {"size": 3, "product": 47, "count": 10, "sku": "446727"}}, {"model": "products.inventory", "pk": 107, "fields": {"size": 4, "product": 47, "count": 10, "sku": "765810"}}, {"model": "products.inventory", "pk": 108, "fields": {"size": 5, "product": 47, "count": 10, "sku": "928152"}}, {"model": "products.inventory", "pk": 109, "fields": {"size": 7, "product": 48, "count": 10, "sku": "611850"}}, {"model": "products.inventory", "pk": 110, "fields": {"size": 1, "product": 48, "count": 9, "sku": "172310"}}, {"model": "products.inventory", "pk": 111, "fields": {"size": 2, "product": 48, "count": 8, "sku": "657934"}}, {"model": "products.inventory", "pk": 112, "fields": {"size": 3, "product": 48, "count": 9, "sku": "728800"}}, {"model": "products.inventory", "pk": 113, "fields": {"size": 4, "product": 48, "count": 9, "sku": "864940"}}, {"model": "products.inventory", "pk": 114, "fields": {"size": 5, "product": 48, "count": 9, "sku": "311493"}}, {"model": "products.inventory", "pk": 115, "fields": {"size": 8, "product": 48, "count": 10, "sku": "987969"}}, {"model": "products.inventory", "pk": 116, "fields": {"size": 7, "product": 42, "count": 8, "sku": "575571"}}, {"model": "products.inventory", "pk": 117, "fields": {"size": 8, "product": 42, "count": 8, "sku": "835159"}}, {"model": "products.inventory", "pk": 118, "fields": {"size": 2, "product": 49, "count": 6, "sku": "156205"}}, {"model": "products.inventory", "pk": 119, "fields": {"size": 3, "product": 49, "count": 6, "sku": "614757"}}, {"model": "products.inventory", "pk": 120, "fields": {"size": 4, "product": 49, "count": 6, "sku": "854120"}}, {"model": "products.inventory", "pk": 121, "fields": {"size": 2, "product": 50, "count": 5, "sku": "284088"}}, {"model": "products.inventory", "pk": 122, "fields": {"size": 3, "product": 50, "count": 6, "sku": "888762"}}, {"model": "products.inventory", "pk": 123, "fields": {"size": 4, "product": 50, "count": 6, "sku": "753134"}}, {"model": "products.inventory", "pk": 124, "fields": {"size": 2, "product": 51, "count": 6, "sku": "359682"}}, {"model": "products.inventory", "pk": 125, "fields": {"size": 3, "product": 51, "count": 6, "sku": "993289"}}, {"model": "products.inventory", "pk": 126, "fields": {"size": 4, "product": 51, "count": 6, "sku": "831321"}}, {"model": "products.inventory", "pk": 127, "fields": {"size": 2, "product": 52, "count": 3, "sku": "134213"}}, {"model": "products.inventory", "pk": 128, "fields": {"size": 3, "product": 52, "count": 5, "sku": "735711"}}, {"model": "products.inventory", "pk": 129, "fields": {"size": 4, "product": 52, "count": 5, "sku": "777946"}}, {"model": "products.inventory", "pk": 130, "fields": {"size": 2, "product": 53, "count": 7, "sku": "118270"}}, {"model": "products.inventory", "pk": 131, "fields": {"size": 3, "product": 53, "count": 7, "sku": "457484"}}, {"model": "products.inventory", "pk": 132, "fields": {"size": 4, "product": 53, "count": 7, "sku": "591185"}}, {"model": "products.inventory", "pk": 133, "fields": {"size": 2, "product": 54, "count": 7, "sku": "711629"}}, {"model": "products.inventory", "pk": 134, "fields": {"size": 3, "product": 54, "count": 7, "sku": "288394"}}, {"model": "products.inventory", "pk": 135, "fields": {"size": 4, "product": 54, "count": 7, "sku": "367884"}}, {"model": "products.inventory", "pk": 136, "fields": {"size": 2, "product": 55, "count": 6, "sku": "797740"}}, {"model": "products.inventory", "pk": 137, "fields": {"size": 3, "product": 55, "count": 7, "sku": "341564"}}, {"model": "products.inventory", "pk": 138, "fields": {"size": 4, "product": 55, "count": 7, "sku": "339978"}}, {"model": "products.inventory", "pk": 139, "fields": {"size": 2, "product": 56, "count": 10, "sku": "640679"}}, {"model": "products.inventory", "pk": 140, "fields": {"size": 3, "product": 56, "count": 10, "sku": "206351"}}, {"model": "products.inventory", "pk": 141, "fields": {"size": 4, "product": 56, "count": 10, "sku": "112085"}}, {"model": "products.inventory", "pk": 142, "fields": {"size": 2, "product": 57, "count": 10, "sku": "269606"}}, {"model": "products.inventory", "pk": 143, "fields": {"size": 3, "product": 57, "count": 10, "sku": "305040"}}, {"model": "products.inventory", "pk": 144, "fields": {"size": 4, "product": 57, "count": 10, "sku": "816862"}}, {"model": "products.inventory", "pk": 145, "fields": {"size": 2, "product": 58, "count": 10, "sku": "914476"}}, {"model": "products.inventory", "pk": 146, "fields": {"size": 3, "product": 58, "count": 5, "sku": "739611"}}, {"model": "products.inventory", "pk": 147, "fields": {"size": 4, "product": 58, "count": 5, "sku": "543042"}}, {"model": "products.inventory", "pk": 148, "fields": {"size": 2, "product": 59, "count": 5, "sku": "733251"}}, {"model": "products.inventory", "pk": 149, "fields": {"size": 3, "product": 59, "count": 5, "sku": "846958"}}, {"model": "products.inventory", "pk": 150, "fields": {"size": 4, "product": 59, "count": 5, "sku": "140631"}}, {"model": "products.inventory", "pk": 151, "fields": {"size": 2, "product": 60, "count": 5, "sku": "761057"}}, {"model": "products.inventory", "pk": 152, "fields": {"size": 3, "product": 60, "count": 5, "sku": "504023"}}, {"model": "products.inventory", "pk": 153, "fields": {"size": 4, "product": 60, "count": 5, "sku": "983430"}}, {"model": "products.inventory", "pk": 154, "fields": {"size": 2, "product": 61, "count": 6, "sku": "863903"}}, {"model": "products.inventory", "pk": 155, "fields": {"size": 3, "product": 61, "count": 6, "sku": "242112"}}, {"model": "products.inventory", "pk": 156, "fields": {"size": 4, "product": 61, "count": 6, "sku": "871370"}}, {"model": "products.inventory", "pk": 157, "fields": {"size": 2, "product": 62, "count": 5, "sku": "864182"}}, {"model": "products.inventory", "pk": 158, "fields": {"size": 3, "product": 62, "count": 6, "sku": "477633"}}, {"model": "products.inventory", "pk": 159, "fields": {"size": 4, "product": 62, "count": 6, "sku": "285754"}}, {"model": "products.inventory", "pk": 160, "fields": {"size": 2, "product": 63, "count": 7, "sku": "264175"}}, {"model": "products.inventory", "pk": 161, "fields": {"size": 3, "product": 63, "count": 7, "sku": "467740"}}, {"model": "products.inventory", "pk": 162, "fields": {"size": 4, "product": 63, "count": 7, "sku": "413060"}}, {"model": "products.inventory", "pk": 163, "fields": {"size": 6, "product": 64, "count": 10, "sku": "522578"}}, {"model": "products.inventory", "pk": 164, "fields": {"size": 6, "product": 65, "count": 10, "sku": "536643"}}, {"model": "products.inventory", "pk": 165, "fields": {"size": 6, "product": 66, "count": 0, "sku": "588844"}}, {"model": "products.inventory", "pk": 166, "fields": {"size": 6, "product": 67, "count": 15, "sku": "326257"}}, {"model": "products.inventory", "pk": 167, "fields": {"size": 6, "product": 68, "count": 15, "sku": "591359"}}, {"model": "products.inventory", "pk": 168, "fields": {"size": 6, "product": 69, "count": 9, "sku": "475459"}}, {"model": "products.inventory", "pk": 169, "fields": {"size": 6, "product": 70, "count": 18, "sku": "794420"}}, {"model": "products.inventory", "pk": 171, "fields": {"size": 6, "product": 72, "count": 15, "sku": "948358"}}, {"model": "products.inventory", "pk": 172, "fields": {"size": 6, "product": 73, "count": 15, "sku": "434422"}}, {"model": "products.inventory", "pk": 173, "fields": {"size": 1, "product": 30, "count": 0, "sku": "372094"}}, {"model": "products.inventory", "pk": 174, "fields": {"size": 5, "product": 30, "count": 0, "sku": "874047"}}, {"model": "products.inventory", "pk": 183, "fields": {"size": 5, "product": 59, "count": 0, "sku": "329484"}}, {"model": "products.inventory", "pk": 214, "fields": {"size": 2, "product": 38, "count": 10, "sku": "469789"}}, {"model": "products.inventory", "pk": 215, "fields": {"size": 2, "product": 80, "count": 0, "sku": "112311"}}, {"model": "products.inventory", "pk": 216, "fields": {"size": 3, "product": 80, "count": 0, "sku": "933444"}}, {"model": "products.inventory", "pk": 217, "fields": {"size": 4, "product": 80, "count": 0, "sku": "514239"}}, {"model": "products.inventory", "pk": 218, "fields": {"size": 5, "product": 80, "count": 0, "sku": "234367"}}, {"model": "products.inventory", "pk": 222, "fields": {"size": 2, "product": 82, "count": 0, "sku": "119296"}}, {"model": "products.inventory", "pk": 223, "fields": {"size": 3, "product": 82, "count": 0, "sku": "636920"}}, {"model": "products.inventory", "pk": 224, "fields": {"size": 4, "product": 82, "count": 0, "sku": "926126"}}, {"model": "checkout.order", "pk": 3, "fields": {"order_number": "FDCF45DFC6284A3B91DBBD431B52316D", "user_profile": null, "full_name": "Daniel Richards", "email": "pete@gmail.com", "phone_number": "07845319619", "country": "GB", "postcode": "B742LB", "town_or_city": "Sutton Coldfield", "street_address1": "61 Hundred Acre Road", "street_address2": null, "county": null, "date": "2022-06-09T16:57:47.688Z", "delivery_cost": "0.00", "order_total": "1080.00", "grand_total": "1080.00", "original_bag": "", "stripe_pid": ""}}, {"model": "checkout.order", "pk": 4, "fields": {"order_number": "C4CBC653FD9A4EE0AF62E64243A23D43", "user_profile": null, "full_name": "Daniel Richards", "email": "pete@gmail.com", "phone_number": "07845319619", "country": "GB", "postcode": "B742LB", "town_or_city": "Sutton Coldfield", "street_address1": "61 Hundred Acre Road", "street_address2": null, "county": null, "date": "2022-06-09T17:10:42.643Z", "delivery_cost": "0.00", "order_total": "764.00", "grand_total": "764.00", "original_bag": "", "stripe_pid": ""}}, {"model": "checkout.order", "pk": 5, "fields": {"order_number": "D1460E277535423F950647E6D22A7DC8", "user_profile": null, "full_name": "lkajsflk", "email": "d@dan.com", "phone_number": "903240398", "country": "KN", "postcode": "dfwlkjdwl", "town_or_city": "lkfwjlkj", "street_address1": "lkfwjowekjwkl0§", "street_address2": "03i2-04", "county": "lwekfjlkwejf", "date": "2022-06-09T17:19:15.967Z", "delivery_cost": "0.00", "order_total": "540.00", "grand_total": "540.00", "original_bag": "", "stripe_pid": ""}}, {"model": "checkout.order", "pk": 6, "fields": {"order_number": "B246843EBC7A45ED92B9100F2CB4B466", "user_profile": null, "full_name": "Daniel Richards", "email": "dfwoh@lfkdn.com", "phone_number": "dlkwnfwelkn", "country": "AM", "postcode": "lfkdnwlkfn", "town_or_city": "lfkdnwlkwdnf", "street_address1": "lkfnwdlkndwe", "street_address2": "lwkwfndlkdwn", "county": "lkfnwdlk", "date": "2022-06-09T17:22:24.834Z", "delivery_cost": "0.00", "order_total": "4320.00", "grand_total": "4320.00", "original_bag": "", "stripe_pid": ""}}, {"model": "checkout.order", "pk": 7, "fields": {"order_number": "773CF87A94D649639558558AC4C45E81", "user_profile": null, "full_name": "daknl;dsn", "email": "dan@g.com", "phone_number": "390839028409", "country": "AU", "postcode": "0fwj990fd", "town_or_city": "09fuwd90fudw", "street_address1": "90872304720", "street_address2": "09ufw09eu", "county": "9wfd0jfdw", "date": "2022-06-09T17:35:59.118Z", "delivery_cost": "0.00", "order_total": "1602.00", "grand_total": "1602.00", "original_bag": "", "stripe_pid": ""}}, {"model": "checkout.order", "pk": 8, "fields": {"order_number": "07AF3E1539F34EB9884ABE10EBD4A053", "user_profile": null, "full_name": "skghd", "email": "dkgj@kjnsd.com", "phone_number": "3897923847", "country": "BH", "postcode": "9f28h3", "town_or_city": "928rh38", "street_address1": "932849823", "street_address2": "92839yr9", "county": "98f2h398", "date": "2022-06-10T11:54:25.337Z", "delivery_cost": "0.00", "order_total": "465.00", "grand_total": "465.00", "original_bag": "", "stripe_pid": ""}}, {"model": "checkout.order", "pk": 9, "fields": {"order_number": "8854EB0453524D5E861B66CA3EA50C53", "user_profile": null, "full_name": "923hiog", "email": "ldkj@lkfd.com", "phone_number": "0293203", "country": "AF", "postcode": "flkwn", "town_or_city": "§lfewknlkn§", "street_address1": "fijoije", "street_address2": "lkfwn392§lkefn", "county": "klgwen", "date": "2022-06-10T14:33:31.108Z", "delivery_cost": "0.00", "order_total": "540.00", "grand_total": "540.00", "original_bag": "{\"301245\": 2}", "stripe_pid": "pi_3L98qDJoA3MVODBL0QLsEFdv"}}, {"model": "checkout.order", "pk": 10, "fields": {"order_number": "55B836B8666944A4A2ED504BC3E7C988", "user_profile": null, "full_name": "Daniel Richards", "email": "fsdjkn@gmail.com", "phone_number": "loweiioe", "country": "AS", "postcode": "egknlenglk", "town_or_city": "lgnekngkl", "street_address1": "nkgnkdenkl", "street_address2": "lenlkdn", "county": "g,egn,", "date": "2022-06-10T14:40:24.686Z", "delivery_cost": "0.00", "order_total": "810.00", "grand_total": "810.00", "original_bag": "{\"400373\": 1, \"979114\": 2}", "stripe_pid": "pi_3L9902JoA3MVODBL1QB7xHev"}}, {"model": "checkout.order", "pk": 11, "fields": {"order_number": "484780E0C6A14B169F7BDF74A77E8047", "user_profile": null, "full_name": "fkbjsfd", "email": "fkjnsd@nksd.com", "phone_number": "983724897", "country": "WF", "postcode": "wfkln", "town_or_city": "nkfwnfdkj", "street_address1": "23849738", "street_address2": "98fw9nfwe", "county": "wfoeninofwe", "date": "2022-06-10T14:42:10.200Z", "delivery_cost": "0.00", "order_total": "810.00", "grand_total": "810.00", "original_bag": "{\"301245\": 3}", "stripe_pid": "pi_3L991rJoA3MVODBL1calH2iw"}}, {"model": "checkout.order", "pk": 12, "fields": {"order_number": "6C8D6BFD010740CAB60463F750A43A3D", "user_profile": null, "full_name": "fasjnkgs", "email": "jkeg@g.com", "phone_number": "3290u2fh0", "country": "FI", "postcode": "2gej2je09", "town_or_city": "0f2j9920jfe", "street_address1": "f029e290e", "street_address2": "f209290", "county": "nf02n0", "date": "2022-06-10T14:59:42.290Z", "delivery_cost": "0.00", "order_total": "810.00", "grand_total": "810.00", "original_bag": "{\"448567\": 3}", "stripe_pid": "pi_3L99IpJoA3MVODBL0OSDc1nE"}}, {"model": "checkout.order", "pk": 14, "fields": {"order_number": "50266A4CBF2E4F1687F97831611E910C", "user_profile": null, "full_name": "o3t4im2e", "email": "oijtm2m@g.com", "phone_number": "gnwoni", "country": "AT", "postcode": "4390j0t4", "town_or_city": "go3in§", "street_address1": "n2pi", "street_address2": "g3pini", "county": "g2np§", "date": "2022-06-10T16:00:07.295Z", "delivery_cost": "0.00", "order_total": "930.00", "grand_total": "930.00", "original_bag": "{\"191541\": 2}", "stripe_pid": "pi_3L99K5JoA3MVODBL0u8AHfkv"}}, {"model": "checkout.order", "pk": 15, "fields": {"order_number": "FCC0FBD12F1541248BE3FE5429E242B8", "user_profile": null, "full_name": "876§", "email": "fklnsd@sd.com", "phone_number": "onglwn", "country": "AR", "postcode": "lekgn", "town_or_city": "lkngdelknd", "street_address1": "lknk", "street_address2": "lkndgn", "county": "lkgenl", "date": "2022-06-10T16:00:52.591Z", "delivery_cost": "0.00", "order_total": "1860.00", "grand_total": "1860.00", "original_bag": "{\"191541\": 2, \"780279\": 2}", "stripe_pid": "pi_3L9AFXJoA3MVODBL1nfXD409"}}, {"model": "checkout.order", "pk": 16, "fields": {"order_number": "CB4A5DAE855C49A3A4A7354CD4E9E58C", "user_profile": null, "full_name": "923hiog", "email": "fslknd@g.com", "phone_number": "ogwne", "country": "BH", "postcode": "lfknwg", "town_or_city": "pgner§", "street_address1": "goeni", "street_address2": "lgkner§", "county": "lgnke", "date": "2022-06-10T16:09:27.337Z", "delivery_cost": "0.00", "order_total": "1860.00", "grand_total": "1860.00", "original_bag": "{\"191541\": 2, \"780279\": 2}", "stripe_pid": "pi_3L9AOGJoA3MVODBL1UQPnFgf"}}, {"model": "checkout.order", "pk": 17, "fields": {"order_number": "233DAAE0EC794AE0A798D8094C47C197", "user_profile": null, "full_name": "lkngdlkn", "email": "lgknlk@gnkl.cm", "phone_number": "lgkennl", "country": "BH", "postcode": "glkenlk", "town_or_city": "gleknlkn", "street_address1": "lgeklk", "street_address2": "lgknelkn", "county": "lkgnwdlnked§", "date": "2022-06-10T16:11:52.091Z", "delivery_cost": "0.00", "order_total": "2790.00", "grand_total": "2790.00", "original_bag": "{\"191541\": 4, \"780279\": 2}", "stripe_pid": "pi_3L9AQZJoA3MVODBL14U6uijm"}}, {"model": "checkout.order", "pk": 18, "fields": {"order_number": "D255F80E412F4D16B07A73E1E9F07C26", "user_profile": null, "full_name": "Daniel Richards", "email": "fs@kfdn.con", "phone_number": "lkgn", "country": "BS", "postcode": "lfkenl", "town_or_city": "lkngelkn", "street_address1": "gklwnklgdn", "street_address2": "lnkgelkn", "county": "lkngelnk", "date": "2022-06-10T19:35:29.854Z", "delivery_cost": "0.00", "order_total": "465.00", "grand_total": "465.00", "original_bag": "{\"191541\": 1}", "stripe_pid": "pi_3L9DbeJoA3MVODBL0ePvjADx"}}, {"model": "checkout.order", "pk": 19, "fields": {"order_number": "048ADCBE14FB41B2A1BB15ECBC95697D", "user_profile": null, "full_name": "gdni", "email": "geoinw@g.com", "phone_number": "lgknlnw", "country": "LB", "postcode": "lgkenlk", "town_or_city": "lkneglkn", "street_address1": "gn-92n", "street_address2": "gpneenli", "county": "lkgendlk", "date": "2022-06-10T19:37:31.663Z", "delivery_cost": "0.00", "order_total": "465.00", "grand_total": "465.00", "original_bag": "{\"191541\": 1}", "stripe_pid": "pi_3L9DdkJoA3MVODBL0RQWer54"}}, {"model": "checkout.order", "pk": 20, "fields": {"order_number": "7B15F0ECA3A3420FA048EC7470588929", "user_profile": null, "full_name": "iubgdb", "email": "ijfwej@g.vom", "phone_number": "klnlwk", "country": "GA", "postcode": "lkngenlk", "town_or_city": "lgknenkl", "street_address1": "lgkenk", "street_address2": "flknewlk", "county": "lkneflnk", "date": "2022-06-10T19:38:51.442Z", "delivery_cost": "0.00", "order_total": "465.00", "grand_total": "465.00", "original_bag": "{\"191541\": 1}", "stripe_pid": "pi_3L9DelJoA3MVODBL0YbKurCV"}}, {"model": "checkout.order", "pk": 21, "fields": {"order_number": "19227D11C8994448AD68C6DB6372A469", "user_profile": null, "full_name": "lknsdlkn", "email": "lknfwk@dan.com", "phone_number": "2902t4u", "country": "DK", "postcode": "kbh", "town_or_city": "khj", "street_address1": "dglwnn", "street_address2": "lknl", "county": "hb", "date": "2022-06-10T19:41:02.303Z", "delivery_cost": "0.00", "order_total": "3953.00", "grand_total": "3953.00", "original_bag": "{\"331995\": 1, \"967841\": 3}", "stripe_pid": "pi_3L9Dh9JoA3MVODBL08YWGcDF"}}, {"model": "checkout.order", "pk": 22, "fields": {"order_number": "B38FE4DD7CE94130B7FCBA5A58BA6516", "user_profile": null, "full_name": "dskjfkbj", "email": "ljkngelk@g.com", "phone_number": "kgdjwnnjd", "country": "BS", "postcode": "kgejn", "town_or_city": "onwn", "street_address1": "gnekjd", "street_address2": "kjngewkj", "county": "kgjnk", "date": "2022-06-10T19:42:24.945Z", "delivery_cost": "0.00", "order_total": "4244.00", "grand_total": "4244.00", "original_bag": "{\"331995\": 1, \"416124\": 3}", "stripe_pid": "pi_3L9DiVJoA3MVODBL11Se9RQl"}}, {"model": "checkout.order", "pk": 23, "fields": {"order_number": "32E90F7B21F74BD1B34C4C5AA5DB146E", "user_profile": null, "full_name": "kjfbskjb", "email": "lngslkdn@slkn.com", "phone_number": "872373f", "country": "AW", "postcode": "lgkdnkldn", "town_or_city": "lnsdkl", "street_address1": "fnwno", "street_address2": "ohnwgod", "county": "kslnnsv", "date": "2022-06-10T19:49:05.286Z", "delivery_cost": "0.00", "order_total": "1350.00", "grand_total": "1350.00", "original_bag": "{\"327133\": 5}", "stripe_pid": "pi_3L9DokJoA3MVODBL14ApGQSi"}}, {"model": "checkout.order", "pk": 24, "fields": {"order_number": "FECC65EAFF124027A1CE774D30BF5E95", "user_profile": null, "full_name": "sdjkfnkKDJGN", "email": "KDJN@GM.COM", "phone_number": "DKLN", "country": "AM", "postcode": "gldnkw", "town_or_city": "lkfnw", "street_address1": "lgkner", "street_address2": "lfkn", "county": "lgkne", "date": "2022-06-10T19:50:29.682Z", "delivery_cost": "0.00", "order_total": "1620.00", "grand_total": "1620.00", "original_bag": "{\"327133\": 6}", "stripe_pid": "pi_3L9DqBJoA3MVODBL0ARYDOzM"}}, {"model": "checkout.order", "pk": 25, "fields": {"order_number": "54CEC72A830F41F3B802E59275E89518", "user_profile": null, "full_name": "32hiui2", "email": "jkw@nfkldn.com", "phone_number": "kdgwnwkld", "country": "BS", "postcode": "gknej", "town_or_city": "kgjnenkj", "street_address1": "lkngwknl", "street_address2": "lkngelk", "county": "lkgnelk", "date": "2022-06-10T19:51:35.954Z", "delivery_cost": "0.00", "order_total": "1350.00", "grand_total": "1350.00", "original_bag": "{\"327133\": 5}", "stripe_pid": "pi_3L9DrKJoA3MVODBL1hklc0w0"}}, {"model": "checkout.order", "pk": 26, "fields": {"order_number": "C86FC512E0FD48E4BB9ACBD8F464E75A", "user_profile": null, "full_name": "Daniel Richards", "email": "user+1@featherstar.co.uk", "phone_number": "07845319619", "country": "GB", "postcode": "Ws87lq", "town_or_city": "Brownhills", "street_address1": "42 Cherwell Drive", "street_address2": null, "county": "West Midlands", "date": "2022-06-11T20:32:14.321Z", "delivery_cost": "0.00", "order_total": "870.00", "grand_total": "870.00", "original_bag": "{\"821027\": 3}", "stripe_pid": "pi_3L9ax9JoA3MVODBL18be2xCu"}}, {"model": "checkout.order", "pk": 27, "fields": {"order_number": "D051200E65954D7E81A46232A4CC6BAD", "user_profile": null, "full_name": "Daniel Richards", "email": "user+1@featherstar.co.uk", "phone_number": "07845319619", "country": "GB", "postcode": "WS87LQ", "town_or_city": "Brownhills", "street_address1": "42 Cherwell Drive", "street_address2": null, "county": "West Midlands", "date": "2022-06-11T20:36:00.543Z", "delivery_cost": "0.00", "order_total": "580.00", "grand_total": "580.00", "original_bag": "{\"821027\": 2}", "stripe_pid": "pi_3L9b1FJoA3MVODBL0zv3vmVL"}}, {"model": "checkout.order", "pk": 28, "fields": {"order_number": "BC0656F6D0784953A2B35718D972BA61", "user_profile": null, "full_name": "Daniel Richards", "email": "user+1@featherstar.co.uk", "phone_number": "07845319618", "country": "GB", "postcode": "WS87LQ", "town_or_city": "Brownhills", "street_address1": "42 Cherwell Drive", "street_address2": null, "county": "West Midlands", "date": "2022-06-12T12:39:35.233Z", "delivery_cost": "0.00", "order_total": "870.00", "grand_total": "870.00", "original_bag": "{\"821027\": 3}", "stripe_pid": "pi_3L9q4NJoA3MVODBL1LrQy3Fi"}}, {"model": "checkout.order", "pk": 29, "fields": {"order_number": "CDB63D2052AE47FA8798AA98224D830A", "user_profile": null, "full_name": "Daniel Richards", "email": "user+1@featherstar.co.uk", "phone_number": "07845319618", "country": "GB", "postcode": "WS87LQ", "town_or_city": "Brownhills", "street_address1": "42 Cherwell Drive", "street_address2": null, "county": "West Midlands", "date": "2022-06-12T13:19:43.470Z", "delivery_cost": "0.00", "order_total": "764.00", "grand_total": "764.00", "original_bag": "{\"331995\": 1}", "stripe_pid": "pi_3L9qhDJoA3MVODBL0jSQUwZ8"}}, {"model": "checkout.order", "pk": 30, "fields": {"order_number": "5AB86A38E63F41EA8214553C0B18A81E", "user_profile": null, "full_name": "Daniel Richards", "email": "user+1@featherstar.co.uk", "phone_number": "07845319618", "country": "GB", "postcode": "WS87LQ", "town_or_city": "Brownhills", "street_address1": "42 Cherwell Drive", "street_address2": null, "county": "West Midlands", "date": "2022-06-12T13:26:32.764Z", "delivery_cost": "0.00", "order_total": "580.00", "grand_total": "580.00", "original_bag": "{\"821027\": 2}", "stripe_pid": "pi_3L9qo1JoA3MVODBL1Rq80S8p"}}, {"model": "checkout.order", "pk": 31, "fields": {"order_number": "AF6FCF27F8BF4286B3AAD5B14F6FB745", "user_profile": null, "full_name": "Daniel Richards", "email": "user+1@featherstar.co.uk", "phone_number": "07845319618", "country": "GB", "postcode": "WS87LQ", "town_or_city": "Brownhills", "street_address1": "42 Cherwell Drive", "street_address2": null, "county": "West Midlands", "date": "2022-06-12T13:28:06.288Z", "delivery_cost": "0.00", "order_total": "465.00", "grand_total": "465.00", "original_bag": "{\"715435\": 1}", "stripe_pid": "pi_3L9qpXJoA3MVODBL12FVeIgF"}}, {"model": "checkout.order", "pk": 32, "fields": {"order_number": "3C96EDAFE43E4BC8B5B3F35E2DBD77C9", "user_profile": null, "full_name": "Daniel Richards", "email": "user+1@featherstar.co.uk", "phone_number": "07845319618", "country": "GB", "postcode": "WS87LQ", "town_or_city": "Brownhills", "street_address1": "42 Cherwell Drive", "street_address2": null, "county": "West Midlands", "date": "2022-06-12T13:32:47.720Z", "delivery_cost": "0.00", "order_total": "930.00", "grand_total": "930.00", "original_bag": "{\"715435\": 2}", "stripe_pid": "pi_3L9qu0JoA3MVODBL0OL4Z2nN"}}, {"model": "checkout.order", "pk": 33, "fields": {"order_number": "DF98F3F6DA18463781F2E04134A6B8BF", "user_profile": null, "full_name": "Daniel Richards", "email": "user+1@featherstar.co.uk", "phone_number": "07845319618", "country": "GB", "postcode": "WS87LQ", "town_or_city": "Brownhills", "street_address1": "42 Cherwell Drive", "street_address2": null, "county": "West Midlands", "date": "2022-06-12T13:39:13.506Z", "delivery_cost": "0.00", "order_total": "764.00", "grand_total": "764.00", "original_bag": "{\"331995\": 1}", "stripe_pid": "pi_3L9r0GJoA3MVODBL10BkVa5P"}}, {"model": "checkout.order", "pk": 34, "fields": {"order_number": "2D6D20C99F3348A0BB33BC2222E44C99", "user_profile": null, "full_name": "Daniel Richards", "email": "user+1@featherstar.co.uk", "phone_number": "07845319618", "country": "GB", "postcode": "WS87LQ", "town_or_city": "Brownhills", "street_address1": "42 Cherwell Drive", "street_address2": null, "county": "West Midlands", "date": "2022-06-12T16:13:45.239Z", "delivery_cost": "0.00", "order_total": "764.00", "grand_total": "764.00", "original_bag": "{\"331995\": 1}", "stripe_pid": "pi_3L9tPjJoA3MVODBL0NR1JWeh"}}, {"model": "checkout.order", "pk": 35, "fields": {"order_number": "7822FF0C7FB0485C8D25F2520A4AEECE", "user_profile": null, "full_name": "Daniel Richards", "email": "user+1@featherstar.co.uk", "phone_number": "07845319618", "country": "GB", "postcode": "WS87LQ", "town_or_city": "Brownhills", "street_address1": "42 Cherwell Drive", "street_address2": null, "county": "West Midlands", "date": "2022-06-12T16:19:46.581Z", "delivery_cost": "0.00", "order_total": "1620.00", "grand_total": "1620.00", "original_bag": "{\"327133\": 6}", "stripe_pid": "pi_3L9tVVJoA3MVODBL1NNdpahs"}}, {"model": "checkout.order", "pk": 36, "fields": {"order_number": "7ACDDACE65034E5EB37B14CB146EDB70", "user_profile": null, "full_name": "slumbo", "email": "user+1@featherstar.co.uk", "phone_number": "07845319618", "country": "GB", "postcode": "WS87LQ", "town_or_city": "Brownhills", "street_address1": "42 Cherwell Drive", "street_address2": null, "county": "West Midlands", "date": "2022-06-12T16:25:22.162Z", "delivery_cost": "0.00", "order_total": "198.00", "grand_total": "198.00", "original_bag": "{\"134213\": 2}", "stripe_pid": "pi_3L9taoJoA3MVODBL16uvKP9F"}}, {"model": "checkout.order", "pk": 37, "fields": {"order_number": "F6AA275D16DD4AD8BCA5D4C0476BEB9B", "user_profile": null, "full_name": "Daniel Richards", "email": "mrdanrichards@gmail.com", "phone_number": "124346574", "country": "GB", "postcode": "G77 7GG", "town_or_city": "Green Town", "street_address1": "1 Green Lane", "street_address2": null, "county": null, "date": "2022-06-20T20:19:12.746Z", "delivery_cost": "0.00", "order_total": "230.00", "grand_total": "230.00", "original_bag": "{\"499450\": 1}", "stripe_pid": "pi_3LCr1tJoA3MVODBL0kpgtxEN"}}, {"model": "checkout.order", "pk": 38, "fields": {"order_number": "FA32F96D494C404AAFA0BCEC88BE5810", "user_profile": null, "full_name": "Daniel Richards", "email": "mrdanrichards@gmail.com", "phone_number": "jhkdjh", "country": "AD", "postcode": "nlkgenlkrn", "town_or_city": "lkngelknlk", "street_address1": "nkjdngkwjn", "street_address2": "kngwdkejgngefkj", "county": "lkgenflkegnr", "date": "2022-06-21T16:19:34.981Z", "delivery_cost": "0.00", "order_total": "2160.00", "grand_total": "2160.00", "original_bag": "{\"448567\": 2, \"327133\": 6}", "stripe_pid": "pi_3LD9nAJoA3MVODBL168yvo35"}}, {"model": "checkout.order", "pk": 39, "fields": {"order_number": "13A9213A99F746DBB431B2EF28F56CD3", "user_profile": null, "full_name": "Daniel Richards", "email": "mrdanrichards@gmail.com", "phone_number": "124346574", "country": "GB", "postcode": "G77 7GG", "town_or_city": "Green Town", "street_address1": "1 Green Lane", "street_address2": null, "county": null, "date": "2022-06-21T20:07:56.244Z", "delivery_cost": "0.00", "order_total": "1063.00", "grand_total": "1063.00", "original_bag": "{\"967841\": 1}", "stripe_pid": "pi_3LDDJlJoA3MVODBL19IalJYE"}}, {"model": "checkout.order", "pk": 40, "fields": {"order_number": "F083187DA5284A408FC4198A4C6CBCE9", "user_profile": null, "full_name": "Daniel Richards", "email": "mrdanrichards@gmail.com", "phone_number": "124346574", "country": "GB", "postcode": "G77 7GG", "town_or_city": "Green Town", "street_address1": "1 Green Lane", "street_address2": null, "county": null, "date": "2022-06-23T10:20:50.904Z", "delivery_cost": "0.00", "order_total": "110.00", "grand_total": "110.00", "original_bag": "{\"284088\": 1}", "stripe_pid": "pi_3LDn9LJoA3MVODBL0CBCm6De"}}, {"model": "checkout.order", "pk": 41, "fields": {"order_number": "EFE35E2AC36B4DC8B5536FB191A18030", "user_profile": null, "full_name": "Rebecca Richards", "email": "beckielrichards@gmail.com", "phone_number": "Shshs", "country": "AL", "postcode": "Bbehd", "town_or_city": "Dbdbbd", "street_address1": "Shdh", "street_address2": "Shdhd", "county": null, "date": "2022-06-23T12:29:47.551Z", "delivery_cost": "0.00", "order_total": "75.00", "grand_total": "75.00", "original_bag": "{\"475459\": 1}", "stripe_pid": "pi_3LDp85JoA3MVODBL1wUmq0UC"}}, {"model": "checkout.order", "pk": 42, "fields": {"order_number": "C32F3E50BF4E4CE18E932DFDCCC4A89A", "user_profile": 9, "full_name": "Rebecca Richards", "email": "mrdanrichards@gmail.com", "phone_number": "Fhdhdh", "country": "AL", "postcode": "Ssvdb", "town_or_city": "Dbdb", "street_address1": "Shdhd", "street_address2": null, "county": null, "date": "2022-06-23T13:06:48.632Z", "delivery_cost": "0.00", "order_total": "344.00", "grand_total": "344.00", "original_bag": "{\"931526\": 1}", "stripe_pid": "pi_3LDpjaJoA3MVODBL1iD8pQtw"}}, {"model": "checkout.order", "pk": 43, "fields": {"order_number": "BED7C1CC5AF247839FEF6EA2A8A6CDC9", "user_profile": null, "full_name": "d richards", "email": "hello@hi.com", "phone_number": "177373737", "country": "BS", "postcode": "B777RR", "town_or_city": "Brimingham", "street_address1": "61 Clover Lane", "street_address2": null, "county": null, "date": "2022-06-23T21:49:54.119Z", "delivery_cost": "0.00", "order_total": "185.00", "grand_total": "185.00", "original_bag": "{\"864182\": 1, \"797740\": 1}", "stripe_pid": "pi_3LDxqtJoA3MVODBL1wuVBGCB"}}, {"model": "checkout.orderlineitem", "pk": 2, "fields": {"order": 3, "sku": 53, "product": "Aqualung Aquaflex 5mm Wetsuit", "quantity": 4, "lineitem_total": "1080.00"}}, {"model": "checkout.orderlineitem", "pk": 3, "fields": {"order": 4, "sku": 22, "product": "Agualung Leg3nd Elite", "quantity": 1, "lineitem_total": "764.00"}}, {"model": "checkout.orderlineitem", "pk": 4, "fields": {"order": 5, "sku": 53, "product": "Aqualung Aquaflex 5mm Wetsuit", "quantity": 2, "lineitem_total": "540.00"}}, {"model": "checkout.orderlineitem", "pk": 5, "fields": {"order": 6, "sku": 56, "product": "Aqualung Aquaflex 5mm Wetsuit", "quantity": 6, "lineitem_total": "1620.00"}}, {"model": "checkout.orderlineitem", "pk": 6, "fields": {"order": 6, "sku": 55, "product": "Aqualung Aquaflex 5mm Wetsuit", "quantity": 6, "lineitem_total": "1620.00"}}, {"model": "checkout.orderlineitem", "pk": 7, "fields": {"order": 6, "sku": 53, "product": "Aqualung Aquaflex 5mm Wetsuit", "quantity": 4, "lineitem_total": "1080.00"}}, {"model": "checkout.orderlineitem", "pk": 8, "fields": {"order": 7, "sku": 27, "product": "Mares Abyss 22 Navy II", "quantity": 3, "lineitem_total": "1602.00"}}, {"model": "checkout.orderlineitem", "pk": 9, "fields": {"order": 8, "sku": 34, "product": "Aqualung Axiom Black", "quantity": 1, "lineitem_total": "465.00"}}, {"model": "checkout.orderlineitem", "pk": 10, "fields": {"order": 9, "sku": 53, "product": "Aqualung Aquaflex 5mm Wetsuit", "quantity": 2, "lineitem_total": "540.00"}}, {"model": "checkout.orderlineitem", "pk": 11, "fields": {"order": 10, "sku": 54, "product": "Aqualung Aquaflex 5mm Wetsuit", "quantity": 1, "lineitem_total": "270.00"}}, {"model": "checkout.orderlineitem", "pk": 12, "fields": {"order": 10, "sku": 55, "product": "Aqualung Aquaflex 5mm Wetsuit", "quantity": 2, "lineitem_total": "540.00"}}, {"model": "checkout.orderlineitem", "pk": 13, "fields": {"order": 11, "sku": 53, "product": "Aqualung Aquaflex 5mm Wetsuit", "quantity": 3, "lineitem_total": "810.00"}}, {"model": "checkout.orderlineitem", "pk": 14, "fields": {"order": 12, "sku": 59, "product": "Aqualung Aquaflex 5mm Wetsuit", "quantity": 3, "lineitem_total": "810.00"}}, {"model": "checkout.orderlineitem", "pk": 15, "fields": {"order": 14, "sku": 34, "product": "Aqualung Axiom Black", "quantity": 2, "lineitem_total": "930.00"}}, {"model": "checkout.orderlineitem", "pk": 16, "fields": {"order": 15, "sku": 34, "product": "Aqualung Axiom Black", "quantity": 2, "lineitem_total": "930.00"}}, {"model": "checkout.orderlineitem", "pk": 17, "fields": {"order": 15, "sku": 35, "product": "Aqualung Axiom Black", "quantity": 2, "lineitem_total": "930.00"}}, {"model": "checkout.orderlineitem", "pk": 18, "fields": {"order": 16, "sku": 34, "product": "Aqualung Axiom Black", "quantity": 2, "lineitem_total": "930.00"}}, {"model": "checkout.orderlineitem", "pk": 19, "fields": {"order": 16, "sku": 35, "product": "Aqualung Axiom Black", "quantity": 2, "lineitem_total": "930.00"}}, {"model": "checkout.orderlineitem", "pk": 20, "fields": {"order": 17, "sku": 34, "product": "Aqualung Axiom Black", "quantity": 4, "lineitem_total": "1860.00"}}, {"model": "checkout.orderlineitem", "pk": 21, "fields": {"order": 17, "sku": 35, "product": "Aqualung Axiom Black", "quantity": 2, "lineitem_total": "930.00"}}, {"model": "checkout.orderlineitem", "pk": 22, "fields": {"order": 18, "sku": 34, "product": "Aqualung Axiom Black", "quantity": 1, "lineitem_total": "465.00"}}, {"model": "checkout.orderlineitem", "pk": 23, "fields": {"order": 19, "sku": 34, "product": "Aqualung Axiom Black", "quantity": 1, "lineitem_total": "465.00"}}, {"model": "checkout.orderlineitem", "pk": 24, "fields": {"order": 20, "sku": 34, "product": "Aqualung Axiom Black", "quantity": 1, "lineitem_total": "465.00"}}, {"model": "checkout.orderlineitem", "pk": 25, "fields": {"order": 21, "sku": 22, "product": "Agualung Leg3nd Elite", "quantity": 1, "lineitem_total": "764.00"}}, {"model": "checkout.orderlineitem", "pk": 26, "fields": {"order": 21, "sku": 104, "product": "Aqualung Blizzard Pro Drysuit", "quantity": 3, "lineitem_total": "3189.00"}}, {"model": "checkout.orderlineitem", "pk": 27, "fields": {"order": 22, "sku": 22, "product": "Agualung Leg3nd Elite", "quantity": 1, "lineitem_total": "764.00"}}, {"model": "checkout.orderlineitem", "pk": 28, "fields": {"order": 22, "sku": 83, "product": "Aqualung Fushion Sport Drysuit", "quantity": 3, "lineitem_total": "3480.00"}}, {"model": "checkout.orderlineitem", "pk": 29, "fields": {"order": 23, "sku": 58, "product": "Aqualung Aquaflex 5mm Wetsuit", "quantity": 5, "lineitem_total": "1350.00"}}, {"model": "checkout.orderlineitem", "pk": 30, "fields": {"order": 24, "sku": 58, "product": "Aqualung Aquaflex 5mm Wetsuit", "quantity": 6, "lineitem_total": "1620.00"}}, {"model": "checkout.orderlineitem", "pk": 31, "fields": {"order": 25, "sku": 58, "product": "Aqualung Aquaflex 5mm Wetsuit", "quantity": 5, "lineitem_total": "1350.00"}}, {"model": "checkout.orderlineitem", "pk": 32, "fields": {"order": 26, "sku": 23, "product": "Aqualung Core ACD Supreme Yoke", "quantity": 3, "lineitem_total": "870.00"}}, {"model": "checkout.orderlineitem", "pk": 33, "fields": {"order": 27, "sku": 23, "product": "Aqualung Core ACD Supreme Yoke", "quantity": 2, "lineitem_total": "580.00"}}, {"model": "checkout.orderlineitem", "pk": 34, "fields": {"order": 28, "sku": 23, "product": "Aqualung Core ACD Supreme Yoke", "quantity": 3, "lineitem_total": "870.00"}}, {"model": "checkout.orderlineitem", "pk": 35, "fields": {"order": 29, "sku": 22, "product": "Agualung Leg3nd Elite", "quantity": 1, "lineitem_total": "764.00"}}, {"model": "checkout.orderlineitem", "pk": 36, "fields": {"order": 30, "sku": 23, "product": "Aqualung Core ACD Supreme Yoke", "quantity": 2, "lineitem_total": "580.00"}}, {"model": "checkout.orderlineitem", "pk": 37, "fields": {"order": 31, "sku": 31, "product": "Aqualung Axiom Blue", "quantity": 1, "lineitem_total": "465.00"}}, {"model": "checkout.orderlineitem", "pk": 38, "fields": {"order": 32, "sku": 31, "product": "Aqualung Axiom Blue", "quantity": 2, "lineitem_total": "930.00"}}, {"model": "checkout.orderlineitem", "pk": 39, "fields": {"order": 33, "sku": 22, "product": "Agualung Leg3nd Elite", "quantity": 1, "lineitem_total": "764.00"}}, {"model": "checkout.orderlineitem", "pk": 40, "fields": {"order": 34, "sku": 22, "product": "Agualung Leg3nd Elite", "quantity": 1, "lineitem_total": "764.00"}}, {"model": "checkout.orderlineitem", "pk": 41, "fields": {"order": 35, "sku": 58, "product": "Aqualung Aquaflex 5mm Wetsuit", "quantity": 6, "lineitem_total": "1620.00"}}, {"model": "checkout.orderlineitem", "pk": 42, "fields": {"order": 36, "sku": 127, "product": "Cressi Reaction Fins", "quantity": 2, "lineitem_total": "198.00"}}, {"model": "checkout.orderlineitem", "pk": 43, "fields": {"order": 37, "sku": 25, "product": "Oceanic Alpha 8 Sport", "quantity": 1, "lineitem_total": "230.00"}}, {"model": "checkout.orderlineitem", "pk": 44, "fields": {"order": 38, "sku": 59, "product": "Aqualung Aquaflex 5mm Wetsuit", "quantity": 2, "lineitem_total": "540.00"}}, {"model": "checkout.orderlineitem", "pk": 45, "fields": {"order": 38, "sku": 58, "product": "Aqualung Aquaflex 5mm Wetsuit", "quantity": 6, "lineitem_total": "1620.00"}}, {"model": "checkout.orderlineitem", "pk": 46, "fields": {"order": 39, "sku": 104, "product": "Aqualung Blizzard Pro Drysuit", "quantity": 1, "lineitem_total": "1063.00"}}, {"model": "checkout.orderlineitem", "pk": 47, "fields": {"order": 40, "sku": 121, "product": "Aqualung Phazer Fins", "quantity": 1, "lineitem_total": "110.00"}}, {"model": "checkout.orderlineitem", "pk": 48, "fields": {"order": 41, "sku": 168, "product": "Fourth Element Navigator Enhance", "quantity": 1, "lineitem_total": "75.00"}}, {"model": "checkout.orderlineitem", "pk": 49, "fields": {"order": 42, "sku": 40, "product": "Cressi Scorpion", "quantity": 1, "lineitem_total": "344.00"}}, {"model": "checkout.orderlineitem", "pk": 50, "fields": {"order": 43, "sku": 157, "product": "Mares Avanti Quattro Fins", "quantity": 1, "lineitem_total": "110.00"}}, {"model": "checkout.orderlineitem", "pk": 51, "fields": {"order": 43, "sku": 136, "product": "Cressi Frog Plus Fins", "quantity": 1, "lineitem_total": "75.00"}}, {"model": "profiles.userprofile", "pk": 9, "fields": {"user": 1, "default_phone_number": "Fhdhdh", "default_street_address1": "Shdhd", "default_street_address2": null, "default_town_or_city": "Dbdb", "default_county": null, "default_postcode": "Ssvdb", "default_country": "AL"}}, {"model": "profiles.userprofile", "pk": 10, "fields": {"user": 2, "default_phone_number": null, "default_street_address1": null, "default_street_address2": null, "default_town_or_city": null, "default_county": null, "default_postcode": null, "default_country": null}}, {"model": "profiles.userprofile", "pk": 11, "fields": {"user": 3, "default_phone_number": null, "default_street_address1": null, "default_street_address2": null, "default_town_or_city": null, "default_county": null, "default_postcode": null, "default_country": null}}, {"model": "profiles.userprofile", "pk": 12, "fields": {"user": 4, "default_phone_number": null, "default_street_address1": null, "default_street_address2": null, "default_town_or_city": null, "default_county": null, "default_postcode": null, "default_country": null}}, {"model": "profiles.userprofile", "pk": 13, "fields": {"user": 5, "default_phone_number": null, "default_street_address1": null, "default_street_address2": null, "default_town_or_city": null, "default_county": null, "default_postcode": null, "default_country": null}}, {"model": "profiles.userprofile", "pk": 14, "fields": {"user": 6, "default_phone_number": null, "default_street_address1": null, "default_street_address2": null, "default_town_or_city": null, "default_county": null, "default_postcode": null, "default_country": null}}, {"model": "courses.course", "pk": 1, "fields": {"name": "Discover Scuba", "friendly_name": "Discover Scuba Diving", "description": "Have you always wondered what it's like to breathe underwater? If you want to try scuba diving, but aren't quite ready to take the plunge into a certification course, Discover Scuba Diving is for you.", "extra_details": "PADI dive shops offer this program either in a pool, off a beach or from a dive boat. You can try scuba close to home or while you're on vacation at a dive destination. While not a scuba certification course, Discover Scuba Diving is a quick and easy introduction to what it takes to explore the underwater world. \r\n\r\nTo sign up for a PADI Discover Scuba Diving experience, you must be at least 10 years old. \r\n\r\nNo prior experience with scuba diving is necessary, but you need to be in reasonable physical health. Are you ready to try it out?", "price": "120.00", "duration_weeks": 1, "level": "beginner", "image": "courses/discover-scuba-diving.jpg", "slug": "discover-scuba"}}, {"model": "courses.course", "pk": 2, "fields": {"name": "open water", "friendly_name": "Open Water Diver", "description": "PADI® Open Water Diver is the first scuba certification level. A highly-trained PADI Instructor will teach you how to scuba dive in a relaxed, supportive learning environment.\r\n\r\nBy the end of the course, you'll have the skills and knowledge to dive at home or abroad and be an ambassador for the underwater world.", "extra_details": "Prerequisites: Able to swim; medically fit for diving\r\nTotal time commitment: 4-7 days\r\nMinimum age: 10 years or older\r\nDepth: expect shallow dives (12m/40ft), the maximum allowed depth is 18m/60ft", "price": "175.00", "duration_weeks": 1, "level": "beginner", "image": "courses/open-water-diver-course.jpg", "slug": "test-course"}}, {"model": "courses.course", "pk": 7, "fields": {"name": "advanced", "friendly_name": "Advanced Open Water Diver", "description": "It's all about honing your skills in the Advanced Open Water Diver course.\r\nYou'll practise navigation and buoyancy, go deep diving, and choose three speciality dives.\r\nYou can earn credit toward PADI® speciality certifications for each specialty dive you complete.", "extra_details": "The specialities include:\r\nEnriched Air (Nitrox) Diver\r\nDry Suit Diver\r\nWreck Diver\r\nDeep Diver\r\nNight Diver\r\nUnderwater Navigator\r\nPeak Performance Buoyancy\r\nSearch and Recovery Diver\r\n\r\nPrerequisites: Open Water Diver/Junior Open Water Diver (or qualifying certification)\r\nTotal time commitment: 2-3 days\r\nMinimum age: 12 years or older\r\nDepth: The maximum depth depends on your age, but maximum depth is up to 30 metres/100 feet", "price": "200.00", "duration_weeks": 2, "level": "intermediate", "image": "courses/advanced-open-water-diver.jpg", "slug": "advanced"}}, {"model": "courses.course", "pk": 8, "fields": {"name": "rescue", "friendly_name": "Rescue Diver", "description": "The PADI® Rescue Diver course will change the way you dive – in the best possible way. Learn to identify and fix minor issues before they become big problems, gain a lot of confidence and have serious fun along the way.", "extra_details": "Learn how to think like a rescue diver through home study and skill practice with an instructor. All PADI courses are flexible and performance-based. You'll practice basic rescue skills and then show you can effectively apply them in open water. \r\n\r\nPrerequisites: Adventure Diver/Junior Adventure Diver (or qualifying certification) with completed Underwater Navigation Dive; EFR Primary and Secondary Care training (or qualifying training) within 24 months\r\nTotal time commitment: 4-7 days\r\nMinimum age: 12 years or older", "price": "150.00", "duration_weeks": 1, "level": "intermediate", "image": "courses/rescue-diver-padi-course_vTT3nCj.jpg", "slug": "rescue"}}, {"model": "courses.course", "pk": 10, "fields": {"name": "divemaster", "friendly_name": "Divemaster", "description": "Share your passion for scuba diving by becoming a PADI Divemaster. As a divemaster you'll supervise scuba diving activities and assist with scuba classes. PADI Divemaster is the first step in your diving career. \r\n\r\nThe PADI Divemaster course teaches you to be a leader and take charge of dive activities. Through knowledge development sessions, waterskills exercises and workshops, and hands-on practical assessment, you develop the skills to organize and direct a variety of scuba diving activities.", "extra_details": "Age Requirement\r\n18 years or older\r\nCourse Prerequisites\r\nRescue Diver, 40 logged dives, CPR and First Aid certification within 24 months, medical clearance to dive\r\nTime Commitment\r\nApproximately 50 hours\r\n\r\nTopics and practical workshops include:\r\n\r\nThe role and characteristics of the PADI Divemaster\r\nSupervising dive activities and assisting with student divers\r\nDiver safety and risk management\r\nDivemaster conducted programs and specialized skills\r\nBusiness of diving and your career\r\nAwareness of the dive environment", "price": "650.00", "duration_weeks": 6, "level": "professional", "image": "courses/learn-to-be-a-divemaster.jpg", "slug": "divemaster"}}, {"model": "courses.course", "pk": 11, "fields": {"name": "instructor", "friendly_name": "Open Water Scuba Instructor", "description": "The Instructor Development Course (IDC) is made up of two parts - the Assistant Instructor (AI) course and the Open Water Scuba Instructor (OWSI) program. Most dive professionals complete the entire IDC and go on to attend an Instructor Examination (IE), which is the final step to earn a PADI Instructor certification.\r\n\r\nSuccessfully completing just the AI course results in a PADI Assistant Instructor qualification. When an AI is ready to progress, attending an OWSI program allows entry into an IE to earn a full PADI Instructor rating.", "extra_details": "A PADI Divemaster who has been a certified diver for six months may enroll in the PADI Instructor Development Course. You also need:\r\n\r\nAt least 60 logged dives and 100 dives to attend an IE.\r\nEmergency First Response Primary and Secondary Care (CPR and First Aid) training within the past 24 months.\r\nA medical statement signed by a physician within the last 12 months", "price": "700.00", "duration_weeks": 10, "level": "professional", "image": "courses/learn-to-be-a-diving-instructor_T5Q3WS5.jpg", "slug": "instructor"}}, {"model": "contact.contact", "pk": 1, "fields": {"reason": "1", "name": "Danle", "email": "user+1@featherstar.co.uk", "phone": "07845319618", "postcode": "WS87LQ", "street_address": "42 Cherwell Drive", "message": "lfwknefklsn"}}, {"model": "contact.contact", "pk": 2, "fields": {"reason": "1", "name": "Daniel Richards", "email": "user+1@featherstar.co.uk", "phone": "07845319618", "postcode": "WS87LQ", "street_address": "42 Cherwell Drive", "message": "kgjdkjgjks"}}, {"model": "contact.contact", "pk": 3, "fields": {"reason": "1", "name": "Daniel Richards", "email": "user+1@featherstar.co.uk", "phone": "07845319618", "postcode": "WS87LQ", "street_address": "42 Cherwell Drive", "message": "kgjdkjgjks"}}, {"model": "contact.contact", "pk": 4, "fields": {"reason": "1", "name": "Danile", "email": "user+1@featherstar.co.uk", "phone": "07845319618", "postcode": "WS87LQ", "street_address": "42 Cherwell Drive", "message": "lknwflkwnlk"}}, {"model": "about.faq", "pk": 1, "fields": {"name": "Shipping", "friendly_name": "Shipping", "question": "How long does shipping take?", "answer": "We dispatch within 2 working days of payment as we know you want to recieve your purchase quickly.\r\n\r\nAll our items are sent tracked with our 24 hour courier. We deliver Monday to Saturday"}}, {"model": "about.faq", "pk": 2, "fields": {"name": "Do I Have to Register to Place an Order?", "friendly_name": "Do I Have to Register to Place an Order?", "question": "Do I have to register for an account to place an order with you?", "answer": "No, you don't have to register for an account to place an order."}}, {"model": "about.faq", "pk": 3, "fields": {"name": "Order Confirmation", "friendly_name": "Will I Receive an Order Confirmation?", "question": "Will I receive an order confirmation after I have placed my order?", "answer": "Yes, after checkout an order confirmation will be sent to the registered email address with the order details."}}, {"model": "about.faq", "pk": 4, "fields": {"name": "Diving Courses", "friendly_name": "How Do I Find Out More Information About Your Courses?", "question": "I'm interested in booking one of your dive courses, how do I find out more information about booking?", "answer": "When you choose to reserve a course will, you will be taken to our contact page to provide us with your details. After submitting your form one of our team memebers will be in touch to give you our availability and help you with any further queries."}}, {"model": "about.faq", "pk": 5, "fields": {"name": "Payment", "friendly_name": "What Payment Methods do you accept", "question": "What Payment Methods do you accept?", "answer": "We accept Visa Debit, Mastercard, Visa, American Express"}}]